cmake -S . -B build
-- The C compiler identification is GNU 12.3.0
-- The CXX compiler identification is GNU 12.3.0
-- Detecting C compiler ABI info
-- Detecting C compiler ABI info - done
-- Check for working C compiler: /usr/bin/gcc - skipped
-- Detecting C compile features
-- Detecting C compile features - done
-- Detecting CXX compiler ABI info
-- Detecting CXX compiler ABI info - done
-- Check for working CXX compiler: /usr/bin/g++ - skipped
-- Detecting CXX compile features
-- Detecting CXX compile features - done
-- RustyCpp parallel jobs: 64
-- Rusty C++ Checker submodule found at: /home/users/wshen24/mako/third-party/rusty-cpp
-- Checker will be built on demand at: /home/users/wshen24/mako/third-party/rusty-cpp/target/release/rusty-cpp-checker
-- Building rusty-cpp-checker binary...
   Compiling proc-macro2 v1.0.103
   Compiling quote v1.0.41
   Compiling unicode-ident v1.0.22
   Compiling libc v0.2.177
   Compiling stable_deref_trait v1.2.1
   Compiling shlex v1.3.0
   Compiling pin-project-lite v0.2.16
   Compiling bytes v1.11.0
   Compiling futures-core v0.3.31
   Compiling glob v0.3.3
   Compiling cfg-if v1.0.4
   Compiling find-msvc-tools v0.1.6
   Compiling serde_core v1.0.228
   Compiling itoa v1.0.15
   Compiling memchr v2.7.6
   Compiling futures-sink v0.3.31
   Compiling litemap v0.8.1
   Compiling smallvec v1.15.1
   Compiling writeable v0.6.2
   Compiling zeroize v1.8.2
   Compiling icu_properties_data v2.1.2
   Compiling icu_normalizer_data v2.1.1
   Compiling pin-utils v0.1.0
   Compiling once_cell v1.21.3
   Compiling untrusted v0.9.0
   Compiling slab v0.4.11
   Compiling percent-encoding v2.3.2
   Compiling autocfg v1.5.0
   Compiling serde v1.0.228
   Compiling futures-io v0.3.31
   Compiling futures-task v0.3.31
   Compiling httparse v1.10.1
   Compiling try-lock v0.2.5
   Compiling tower-service v0.3.3
   Compiling rustls v0.23.36
   Compiling atomic-waker v1.1.2
   Compiling subtle v2.6.1
   Compiling base64 v0.22.1
   Compiling ipnet v2.11.0
   Compiling utf8_iter v1.0.4
   Compiling bitflags v2.10.0
   Compiling tower-layer v0.3.3
   Compiling regex-syntax v0.8.8
   Compiling minimal-lexical v0.2.1
   Compiling ryu v1.0.20
   Compiling iri-string v0.7.10
   Compiling bindgen v0.72.1
   Compiling crossbeam-utils v0.8.21
   Compiling either v1.15.0
   Compiling log v0.4.28
   Compiling rustc-hash v2.1.1
   Compiling utf8parse v0.2.2
   Compiling pkg-config v0.3.32
   Compiling rayon-core v1.13.0
   Compiling anstyle-query v1.1.4
   Compiling is_terminal_polyfill v1.70.2
   Compiling anstyle v1.0.13
   Compiling colorchoice v1.0.4
   Compiling foldhash v0.1.5
   Compiling heck v0.5.0
   Compiling hashbrown v0.16.0
   Compiling strsim v0.11.1
   Compiling libloading v0.8.9
   Compiling serde_json v1.0.145
   Compiling sync_wrapper v1.0.2
   Compiling anstyle-parse v0.2.7
   Compiling clap_lex v0.7.6
   Compiling equivalent v1.0.2
   Compiling futures-channel v0.3.31
   Compiling want v0.3.1
   Compiling rusty-cpp v0.1.1 (/home/users/wshen24/mako/third-party/rusty-cpp)
   Compiling fixedbitset v0.5.7
   Compiling tracing-core v0.1.36
   Compiling hashbrown v0.15.5
   Compiling unicode-width v0.1.14
   Compiling form_urlencoded v1.2.2
   Compiling itertools v0.13.0
   Compiling colored v3.0.0
   Compiling rustls-pki-types v1.13.2
   Compiling cc v1.2.51
   Compiling anstream v0.6.21
   Compiling clang-sys v1.8.1
   Compiling http v1.4.0
   Compiling num-traits v0.2.19
   Compiling aho-corasick v1.1.4
   Compiling futures-util v0.3.31
   Compiling nom v7.1.3
   Compiling indexmap v2.12.0
   Compiling tracing v0.1.44
   Compiling clap_builder v4.5.51
   Compiling webpki-roots v1.0.5
   Compiling crossbeam-epoch v0.9.18
   Compiling regex-automata v0.4.13
   Compiling crossbeam-deque v0.8.6
   Compiling http-body v1.0.1
   Compiling syn v2.0.109
   Compiling petgraph v0.8.3
   Compiling http-body-util v0.1.3
   Compiling socket2 v0.6.1
   Compiling mio v1.1.0
   Compiling getrandom v0.2.16
   Compiling ring v0.17.14
   Compiling num-integer v0.1.46
   Compiling num-complex v0.4.6
   Compiling cexpr v0.6.0
   Compiling num-bigint v0.4.6
   Compiling num-iter v0.1.45
   Compiling tokio v1.49.0
   Compiling clang v2.0.0
   Compiling rayon v1.11.0
   Compiling regex v1.12.2
   Compiling serde_urlencoded v0.7.1
   Compiling num-rational v0.4.2
   Compiling num v0.4.3
   Compiling synstructure v0.13.2
   Compiling zerovec-derive v0.11.2
   Compiling displaydoc v0.2.5
   Compiling clap_derive v4.5.49
   Compiling miette-derive v7.6.0
   Compiling zerofrom-derive v0.1.6
   Compiling yoke-derive v0.8.1
   Compiling hyper v1.8.1
   Compiling tower v0.5.2
   Compiling tower-http v0.6.8
   Compiling miette v7.6.0
   Compiling hyper-util v0.1.19
   Compiling zerofrom v0.1.6
   Compiling yoke v0.8.1
   Compiling zerovec v0.11.5
   Compiling zerotrie v0.2.3
   Compiling clap v4.5.51
   Compiling rustls-webpki v0.103.8
   Compiling tinystr v0.8.2
   Compiling potential_utf v0.1.4
   Compiling icu_collections v2.1.1
   Compiling icu_locale_core v2.1.1
   Compiling icu_provider v2.1.1
   Compiling icu_normalizer v2.1.1
   Compiling icu_properties v2.1.2
   Compiling idna_adapter v1.2.1
   Compiling idna v1.1.0
   Compiling url v2.5.8
   Compiling tokio-rustls v0.26.4
   Compiling hyper-rustls v0.27.7
   Compiling reqwest v0.12.28
   Compiling z3-sys v0.10.4
   Compiling z3 v0.19.7
    Finished `release` profile [optimized] target(s) in 1m 30s
-- C++ Borrow Checking enabled
-- Checker will be built at: /home/users/wshen24/mako/third-party/rusty-cpp/target/release/rusty-cpp-checker
-- Build type: release
-- Checking RustyCpp dependencies...
-- Found cargo: /home/users/wshen24/.local-rust/bin/cargo
-- Found libclang: /usr/lib/llvm-16/lib/libclang.so
-- Found libclang headers: /usr/lib/llvm-16/include
-- Found llvm-config: /usr/lib/llvm-16/bin/llvm-config
-- Found Z3: /usr/lib/x86_64-linux-gnu/libz3.so
-- Found Z3 headers: /usr/include
-- Checker already exists at: /home/users/wshen24/mako/third-party/rusty-cpp/target/release/rusty-cpp-checker - skipping build target
-- Found PkgConfig: /usr/bin/pkg-config (found version "0.29.2") 
-- Checking for module 'libdpdk'
--   Found libdpdk, version 21.11.9
-- Found Python3: /usr/include/python3.10 (found version "3.10.12") found components: Development Development.Module Development.Embed 
-- Found Boost: /usr/lib/x86_64-linux-gnu/cmake/Boost-1.74.0/BoostConfig.cmake (found version "1.74.0") found components: system filesystem thread coroutine context 
-- I: /home/users/wshen24/mako/third-party/erpc
-- environment: eth
CMake Deprecation Warning at third-party/erpc/CMakeLists.txt:1 (cmake_minimum_required):
  Compatibility with CMake < 2.8.12 will be removed from a future version of
  CMake.

  Update the VERSION argument <min> value or use a ...<max> suffix to tell
  CMake that the project does not need compatibility with older versions.


-- Compilation optimized for performance.
-- Debugging is disabled.
-- Found ZLIB: /usr/lib/x86_64-linux-gnu/libz.so (found version "1.2.11") 
-- Found Threads: TRUE  
-- Looking for ceil in m
-- Looking for ceil in m - found
-- Looking for clock_gettime in rt
-- Looking for clock_gettime in rt - found
CMake Warning (dev) at third-party/erpc/third_party/googletest/CMakeLists.txt:26 (option):
  Policy CMP0077 is not set: option() honors normal variables.  Run "cmake
  --help-policy CMP0077" for policy details.  Use the cmake_policy command to
  set the policy and suppress this warning.

  For compatibility with older versions of CMake, option is clearing the
  normal variable 'INSTALL_GTEST'.
This warning is for project developers.  Use -Wno-dev to suppress it.

-- Found Python: /usr/bin/python3.10 (found version "3.10.12") found components: Interpreter 
-- Looking for C++ include unistd.h
-- Looking for C++ include unistd.h - found
-- Looking for C++ include stdint.h
-- Looking for C++ include stdint.h - found
-- Looking for C++ include inttypes.h
-- Looking for C++ include inttypes.h - found
-- Looking for C++ include sys/types.h
-- Looking for C++ include sys/types.h - found
-- Looking for C++ include sys/stat.h
-- Looking for C++ include sys/stat.h - found
-- Looking for C++ include fnmatch.h
-- Looking for C++ include fnmatch.h - found
-- Looking for C++ include stddef.h
-- Looking for C++ include stddef.h - found
-- Check size of uint32_t
-- Check size of uint32_t - done
-- Looking for strtoll
-- Looking for strtoll - found
-- Profile-guided optimization is disabled.
-- Logging level = none.
-- Testing is disabled, so tests may fail.
-- Selected transport = fake.
-- Compiling app = latency
-- DPDK not needed to build eRPC
STATUS,server compiles
-- Reuse coroutine enabled
-- Checking for module 'libevent'
--   Found libevent, version 2.1.12-stable
-- Checking for module 'gflags'
--   Found gflags, version 2.2.2
-- Checking for module 'protobuf'
--   Found protobuf, version 3.12.4
-- Checking for module 'jemalloc'
--   Found jemalloc, version 5.2.1_0
-- Running autoreconf for Masstree...
configure.ac:14: warning: The macro `AC_LANG_CPLUSPLUS' is obsolete.
configure.ac:14: You should run autoupdate.
./lib/autoconf/c.m4:262: AC_LANG_CPLUSPLUS is expanded from...
configure.ac:14: the top level
-- Configuring Masstree with: CC=/usr/bin/gcc CXX=/usr/bin/g++ --enable-max-key-len=1024 --disable-assertions --disable-invariants --disable-preconditions --with-malloc=jemalloc
checking for gcc... /usr/bin/gcc
checking whether the C compiler works... yes
checking for C compiler default output file name... a.out
checking for suffix of executables... 
checking whether we are cross compiling... no
checking for suffix of object files... o
checking whether the compiler supports GNU C... yes
checking whether /usr/bin/gcc accepts -g... yes
checking for /usr/bin/gcc option to enable C11 features... none needed
checking whether the compiler supports GNU C++... yes
checking whether /usr/bin/g++ accepts -g... yes
checking for /usr/bin/g++ option to enable C++11 features... none needed
checking for stdio.h... yes
checking for stdlib.h... yes
checking for string.h... yes
checking for inttypes.h... yes
checking for stdint.h... yes
checking for strings.h... yes
checking for sys/stat.h... yes
checking for sys/types.h... yes
checking for unistd.h... yes
checking whether byte ordering is bigendian... no
checking for sys/epoll.h... yes
checking for numa.h... yes
checking for library containing numa_available... -lnuma
checking for __builtin_clz builtin... yes
checking for __builtin_clzl builtin... yes
checking for __builtin_clzll builtin... yes
checking for __builtin_ctz builtin... yes
checking for __builtin_ctzl builtin... yes
checking for __builtin_ctzll builtin... yes
checking for __sync_synchronize builtin... yes
checking for __sync_fetch_and_add builtin... yes
checking for __sync_add_and_fetch builtin... yes
checking for __sync_fetch_and_add_8 builtin... yes
checking for __sync_add_and_fetch_8 builtin... yes
checking for __sync_fetch_and_or builtin... yes
checking for __sync_or_and_fetch builtin... yes
checking for __sync_fetch_and_or_8 builtin... yes
checking for __sync_or_and_fetch_8 builtin... yes
checking for __sync_bool_compare_and_swap builtin... yes
checking for __sync_bool_compare_and_swap_8 builtin... yes
checking for __sync_val_compare_and_swap builtin... yes
checking for __sync_val_compare_and_swap_8 builtin... yes
checking for __sync_lock_test_and_set builtin... yes
checking for __sync_lock_test_and_set_val builtin... yes
checking for __sync_lock_release_set builtin... yes
checking whether the C++ compiler understands 'auto'... yes
checking whether the C++ compiler understands constexpr... yes
checking whether the C++ compiler understands static_assert... yes
checking whether the C++ compiler understands rvalue references... yes
checking whether the C++ compiler understands template alias... yes
checking for type_traits... yes
checking for std::hash... yes
checking for __has_trivial_copy... yes
checking for __has_trivial_destructor... yes
checking for std::move... yes
checking for std::is_trivially_copyable... yes
checking for std::is_trivially_destructible... yes
checking for std::is_rvalue_reference... yes
checking for malloc in -lflow... no
checking for mallctl in -ljemalloc... yes
checking for tc_malloc in -ltcmalloc_minimal... yes
checking for _Z16getMainHoardHeapv in -lhoard... no
checking for malloc library... -ljemalloc
checking whether off_t and long are the same type... yes
checking whether off_t and long long are the same type... no
checking whether int64_t and long are the same type... yes
checking whether int64_t and long long are the same type... no
checking whether size_t and unsigned are the same type... no
checking whether size_t and unsigned long are the same type... yes
checking whether size_t and unsigned long long are the same type... no
checking for long long... yes
checking size of short... 2
checking size of int... 4
checking size of long... 8
checking size of long long... 8
checking size of void *... 8
checking for /usr/bin/g++ options needed to detect all undeclared functions... none needed
checking whether getline is declared... yes
checking for time.h... yes
checking for execinfo.h... yes
checking whether clock_gettime is declared... yes
checking for library containing clock_gettime... none required
checking for clock_gettime... yes
checking for library containing backtrace... none required
checking whether MADV_HUGEPAGE is supported... checking how to run the C++ preprocessor... /usr/bin/g++ -E
yes
checking whether MAP_HUGETLB is supported... yes
configure: creating ./config.status
config.status: creating GNUmakefile
config.status: creating config.h
-- Building LZ4 library...
make[1]: Entering directory '/home/users/wshen24/mako/third-party/lz4'
gcc -fPIC -O3 -I. -std=c99 -Wall -W -Wundef -Wno-implicit-function-declaration -c lz4.c -o lz4.o
gcc -fPIC -O3 -I. -std=c99 -Wall -W -Wundef -Wno-implicit-function-declaration -c xxhash.c -o xxhash.o
gcc -shared -Wl,-soname,liblz4.so -o liblz4.so lz4.o xxhash.o
make[1]: Leaving directory '/home/users/wshen24/mako/third-party/lz4'
-- LZ4 library built successfully
> out-perf.masstree/src/mako/buildstamp.masstree
-- --- Configuring Mako Root & STO Borrow Checks ---
-- Found 0 files to check in src/mako/ and benchmarks/sto/
-- --- End Mako Borrow Checks Configuration ---
-- GoogleTest found via find_package
-- Test targets configured:
--   RRR Framework Tests:
--     - test_marshal: Marshal/Unmarshal tests
--     - test_rpc: RPC client/server tests
--     - test_rpc_extended: Extended RPC tests (timeouts, reconnection, load)
--     - test_future: Future/async operation tests
--     - test_masstree: Core Masstree b-tree regression tests
--     - test_reactor: Reactor/event system tests
--     - test_reactor_extended: Extended reactor tests (events, coroutines, load)
--     - rpcbench: RPC performance benchmark test
--   Silo/STO Tests:
--     - test_silo_varint: Varint encoding/decoding (22 tests)
--     - test_silo_rcu_thread: RCU memory management (9 tests)
--     - test_silo_allocator_tuple: Allocator + Tuple integration (18 tests)
--     - test_sto_transaction: STO Transaction RCU (13 tests)
--     - test_sto_transaction_real: STO Transaction integration tests
-- Additional perf binaries:
--   - masstree_perf: On-demand Masstree throughput benchmark (JSON output)
-- 
-- Run all tests with: make run_tests
-- Run Silo/STO tests: make run_silo_sto_tests
-- Or individually: make test && ctest
-- Configuring done
-- Generating done
-- Build files have been written to: /home/users/wshen24/mako/build
Building with 32 parallel jobs...
cmake --build build --parallel 32
gmake[1]: warning: -j32 forced in submake: resetting jobserver mode.
gmake[1]: Entering directory '/home/users/wshen24/mako/build'
gmake[2]: Entering directory '/home/users/wshen24/mako/build'
gmake[3]: Entering directory '/home/users/wshen24/mako/build'
gmake[3]: Entering directory '/home/users/wshen24/mako/build'
gmake[3]: Entering directory '/home/users/wshen24/mako/build'
gmake[3]: Entering directory '/home/users/wshen24/mako/build'
gmake[3]: Entering directory '/home/users/wshen24/mako/build'
gmake[3]: Entering directory '/home/users/wshen24/mako/build'
gmake[3]: Entering directory '/home/users/wshen24/mako/build'
gmake[3]: Entering directory '/home/users/wshen24/mako/build'
gmake[3]: Entering directory '/home/users/wshen24/mako/build'
gmake[3]: Entering directory '/home/users/wshen24/mako/build'
gmake[3]: Entering directory '/home/users/wshen24/mako/build'
gmake[3]: Leaving directory '/home/users/wshen24/mako/build'
gmake[3]: Leaving directory '/home/users/wshen24/mako/build'
gmake[3]: Entering directory '/home/users/wshen24/mako/build'
gmake[3]: Entering directory '/home/users/wshen24/mako/build'
gmake[3]: Leaving directory '/home/users/wshen24/mako/build'
gmake[3]: Leaving directory '/home/users/wshen24/mako/build'
gmake[3]: Leaving directory '/home/users/wshen24/mako/build'
gmake[3]: Leaving directory '/home/users/wshen24/mako/build'
gmake[3]: Leaving directory '/home/users/wshen24/mako/build'
gmake[3]: Leaving directory '/home/users/wshen24/mako/build'
gmake[3]: Leaving directory '/home/users/wshen24/mako/build'
gmake[3]: Entering directory '/home/users/wshen24/mako/build'
gmake[3]: Entering directory '/home/users/wshen24/mako/build'
gmake[3]: Leaving directory '/home/users/wshen24/mako/build'
gmake[3]: Entering directory '/home/users/wshen24/mako/build'
[  0%] Checker already exists, skipping build
gmake[3]: Entering directory '/home/users/wshen24/mako/build'
gmake[3]: Entering directory '/home/users/wshen24/mako/build'
gmake[3]: Entering directory '/home/users/wshen24/mako/build'
[  1%] Building Rust library if needed
[  1%] Built target rcc_rpc_gen
gmake[3]: Entering directory '/home/users/wshen24/mako/build'
gmake[3]: Leaving directory '/home/users/wshen24/mako/build'
Checker already built: /home/users/wshen24/mako/third-party/rusty-cpp/target/release/rusty-cpp-checker
[  1%] Building C object third-party/erpc/third_party/HdrHistogram_c/src/CMakeFiles/hdr_histogram_static.dir/hdr_encoding.c.o
[  1%] Building CXX object third-party/erpc/third_party/gflags/CMakeFiles/gflags_nothreads_static.dir/src/gflags.cc.o
gmake[3]: Leaving directory '/home/users/wshen24/mako/build'
[  2%] Building C object third-party/erpc/third_party/HdrHistogram_c/src/CMakeFiles/hdr_histogram_static.dir/hdr_histogram.c.o
[  2%] Building C object third-party/erpc/third_party/HdrHistogram_c/src/CMakeFiles/hdr_histogram.dir/hdr_encoding.c.o
[  2%] Building CXX object third-party/erpc/third_party/gflags/CMakeFiles/gflags_nothreads_shared.dir/src/gflags.cc.o
[  2%] Building CXX object third-party/erpc/third_party/gflags/CMakeFiles/gflags_nothreads_shared.dir/src/gflags_completions.cc.o
[  2%] Building C object third-party/erpc/third_party/HdrHistogram_c/src/CMakeFiles/hdr_histogram.dir/hdr_histogram_log.c.o
[  2%] Building CXX object third-party/erpc/third_party/googletest/googletest/CMakeFiles/gtest.dir/src/gtest-all.cc.o
[  2%] Building CXX object third-party/erpc/third_party/gflags/CMakeFiles/gflags_nothreads_shared.dir/src/gflags_reporting.cc.o
[  2%] Building C object third-party/erpc/third_party/HdrHistogram_c/src/CMakeFiles/hdr_histogram.dir/hdr_histogram.c.o
[  2%] Building C object third-party/erpc/third_party/HdrHistogram_c/src/CMakeFiles/hdr_histogram_static.dir/hdr_histogram_log.c.o
[  3%] Building C object third-party/erpc/third_party/HdrHistogram_c/src/CMakeFiles/hdr_histogram.dir/hdr_interval_recorder.c.o
[  3%] Building CXX object third-party/erpc/third_party/gflags/CMakeFiles/gflags_nothreads_static.dir/src/gflags_completions.cc.o
gmake[3]: Entering directory '/home/users/wshen24/mako/build'
[  3%] Building CXX object CMakeFiles/rrr.dir/src/rrr/base/debugging.cpp.o
[  3%] Building CXX object third-party/erpc/third_party/gflags/CMakeFiles/gflags_nothreads_static.dir/src/gflags_reporting.cc.o
[  3%] Building CXX object CMakeFiles/rrr.dir/src/rrr/base/basetypes.cpp.o
[  4%] Building C object third-party/erpc/third_party/HdrHistogram_c/src/CMakeFiles/hdr_histogram.dir/hdr_writer_reader_phaser.c.o
[  3%] Building C object third-party/erpc/third_party/HdrHistogram_c/src/CMakeFiles/hdr_histogram_static.dir/hdr_interval_recorder.c.o
[  4%] Building C object third-party/erpc/third_party/HdrHistogram_c/src/CMakeFiles/hdr_histogram.dir/hdr_time.c.o
[  4%] Building C object third-party/erpc/third_party/HdrHistogram_c/src/CMakeFiles/hdr_histogram_static.dir/hdr_writer_reader_phaser.c.o
[  3%] Building C object third-party/erpc/third_party/HdrHistogram_c/src/CMakeFiles/hdr_histogram_static.dir/hdr_thread.c.o
[  4%] Building C object third-party/erpc/third_party/HdrHistogram_c/src/CMakeFiles/hdr_histogram.dir/hdr_thread.c.o
[  4%] Building C object third-party/erpc/third_party/HdrHistogram_c/src/CMakeFiles/hdr_histogram_static.dir/hdr_time.c.o
[  4%] Building CXX object CMakeFiles/rrr.dir/src/rrr/base/logging.cpp.o
[  4%] Building CXX object CMakeFiles/rrr.dir/src/rrr/base/strop.cpp.o
[  4%] Building CXX object CMakeFiles/rrr.dir/src/rrr/base/threading.cpp.o
[  6%] Building CXX object third-party/erpc/CMakeFiles/erpc.dir/src/nexus_impl/nexus.cc.o
[  6%] Building CXX object CMakeFiles/rrr.dir/src/rrr/base/misc.cpp.o
[  6%] Building CXX object third-party/erpc/CMakeFiles/erpc.dir/src/nexus_impl/nexus_bg_thread.cc.o
[  6%] Built target build_rusty_cpp_checker
[  6%] Building CXX object CMakeFiles/mako.dir/src/mako/allocator.cc.o
[  6%] Building CXX object CMakeFiles/rrr.dir/src/rrr/base/unittest.cpp.o
[  6%] Building CXX object CMakeFiles/rrr.dir/src/rrr/misc/alock.cpp.o
gmake[3]: Entering directory '/home/users/wshen24/mako/build'
gmake[3]: Entering directory '/home/users/wshen24/mako/build'
[  7%] Building CXX object CMakeFiles/mako.dir/src/mako/btree.cc.o
gmake[3]: Leaving directory '/home/users/wshen24/mako/build'
[  7%] Building CXX object CMakeFiles/mako.dir/src/mako/core.cc.o
gmake[3]: Entering directory '/home/users/wshen24/mako/build'
[  7%] Building CXX object third-party/erpc/CMakeFiles/erpc.dir/src/nexus_impl/nexus_sm_thread.cc.o
[  8%] Borrow checking src/deptran/empty.cc (from deptran_borrow)
   Compiling bytes v1.10.1
   Compiling pin-project-lite v0.2.16
   Compiling libc v0.2.175
   Compiling crc16 v0.4.0
   Compiling either v1.15.0
   Compiling minimal-lexical v0.2.1
   Compiling memchr v2.7.5
   Compiling futures-core v0.3.31
   Compiling futures-sink v0.3.31
   Compiling log v0.4.27
   Compiling cookie-factory v0.3.2
   Compiling rust_redis v0.1.0 (/home/users/wshen24/mako/third-party/makocon/mako/rust-lib)
   Compiling itoa v1.0.17
gmake[3]: Entering directory '/home/users/wshen24/mako/build'
gmake[3]: Leaving directory '/home/users/wshen24/mako/build'
gmake[3]: Leaving directory '/home/users/wshen24/mako/build'
gmake[3]: Entering directory '/home/users/wshen24/mako/build'
[  8%] Building CXX object CMakeFiles/rrr.dir/src/rrr/misc/marshal.cpp.o
gmake[3]: Entering directory '/home/users/wshen24/mako/build'
[  8%] Borrow checking src/deptran/communicator.cc (from deptran_borrow)
Rusty C++ Checker
Analyzing: /home/users/wshen24/mako/src/deptran/empty.cc
   Compiling tokio v1.47.1
[  8%] Building CXX object CMakeFiles/txlog.dir/src/deptran/replication_helper.cc.o
Rusty C++ Checker
Analyzing: /home/users/wshen24/mako/src/deptran/communicator.cc
[ 10%] Building CXX object CMakeFiles/rrr.dir/src/rrr/misc/rand.cpp.o
[ 10%] Building CXX object CMakeFiles/mako.dir/src/mako/counter.cc.o
Auto-detected 7 C++ include path(s)
Auto-detected 7 C++ include path(s)
✓ rusty-cpp: no violations found!
gmake[3]: Leaving directory '/home/users/wshen24/mako/build'
[ 10%] Built target borrow_check_deptran_borrow_empty
[ 10%] Building CXX object CMakeFiles/rrr.dir/src/rrr/misc/recorder.cpp.o
[ 10%] Building CXX object CMakeFiles/rrr.dir/src/rrr/reactor/epoll_wrapper.cc.o
gmake[3]: Entering directory '/home/users/wshen24/mako/build'
[ 10%] Linking C shared library libhdr_histogram.so
gmake[3]: Leaving directory '/home/users/wshen24/mako/build'
gmake[3]: Entering directory '/home/users/wshen24/mako/build'
[ 10%] Borrow checking src/deptran/workload.cc (from deptran_borrow)
Rusty C++ Checker
Analyzing: /home/users/wshen24/mako/src/deptran/workload.cc
[ 10%] Linking C static library libhdr_histogram_static.a
gmake[3]: Leaving directory '/home/users/wshen24/mako/build'
[ 10%] Built target hdr_histogram
gmake[3]: Entering directory '/home/users/wshen24/mako/build'
gmake[3]: Leaving directory '/home/users/wshen24/mako/build'
gmake[3]: Entering directory '/home/users/wshen24/mako/build'
[ 10%] Borrow checking src/deptran/paxos_worker.cc (from deptran_borrow)
Auto-detected 7 C++ include path(s)
Rusty C++ Checker
Analyzing: /home/users/wshen24/mako/src/deptran/paxos_worker.cc
gmake[3]: Leaving directory '/home/users/wshen24/mako/build'
[ 10%] Built target hdr_histogram_static
[ 10%] Building CXX object third-party/erpc/CMakeFiles/erpc.dir/src/rpc_impl/rpc.cc.o
   Compiling nom v7.1.3
Auto-detected 7 C++ include path(s)
   Compiling bytes-utils v0.1.4
   Compiling tokio-util v0.7.16
[ 10%] Building CXX object CMakeFiles/mako.dir/src/mako/memory.cc.o
   Compiling socket2 v0.5.10
[ 10%] Building CXX object CMakeFiles/rrr.dir/src/rrr/reactor/event.cc.o
[ 10%] Building CXX object CMakeFiles/txlog.dir/src/deptran/paxos_main_helper.cc.o
[ 10%] Building CXX object CMakeFiles/rrr.dir/src/rrr/reactor/fiber_impl.cc.o
[ 10%] Building CXX object CMakeFiles/rrr.dir/src/rrr/reactor/quorum_event.cc.o
[ 10%] Building CXX object CMakeFiles/rrr.dir/src/rrr/reactor/reactor.cc.o
[ 10%] Building CXX object CMakeFiles/mako.dir/src/mako/rocksdb_persistence.cc.o
gmake[3]: Entering directory '/home/users/wshen24/mako/build'
gmake[3]: Leaving directory '/home/users/wshen24/mako/build'
gmake[3]: Entering directory '/home/users/wshen24/mako/build'
[ 11%] Building CXX object CMakeFiles/txlog.dir/src/deptran/raft_main_helper.cc.o
[ 11%] Borrow checking src/deptran/stats_registry.cc (from deptran_borrow)
[ 11%] Building CXX object CMakeFiles/mako.dir/src/mako/rcu.cc.o
Rusty C++ Checker
Analyzing: /home/users/wshen24/mako/src/deptran/stats_registry.cc
Auto-detected 7 C++ include path(s)
[ 12%] Building CXX object CMakeFiles/rrr.dir/src/rrr/rpc/client.cpp.o
[ 12%] Building CXX object third-party/erpc/CMakeFiles/erpc.dir/src/rpc_impl/rpc_queues.cc.o
[ 12%] Building CXX object third-party/erpc/CMakeFiles/erpc.dir/src/rpc_impl/rpc_rfr.cc.o
[ 12%] Building CXX object CMakeFiles/rrr.dir/src/rrr/rpc/server.cpp.o
[ 12%] Building CXX object CMakeFiles/rrr.dir/src/rrr/rpc/utils.cpp.o
/home/users/wshen24/mako/third-party/erpc/src/nexus_impl/nexus.cc: In constructor ‘erpc::Nexus::Nexus(std::string, size_t, size_t)’:
/home/users/wshen24/mako/third-party/erpc/src/nexus_impl/nexus.cc:64:10: warning: unused variable ‘sm_thread_lcore_index’ [-Wunused-variable]
   64 |   size_t sm_thread_lcore_index = sm_udp_port_ % num_lcores_per_numa_node();
      |          ^~~~~~~~~~~~~~~~~~~~~
In file included from /home/users/wshen24/mako/third-party/erpc/src/util/udp_client.h:11,
                 from /home/users/wshen24/mako/third-party/erpc/src/heartbeat_mgr.h:11,
                 from /home/users/wshen24/mako/third-party/erpc/src/nexus.h:5,
                 from /home/users/wshen24/mako/third-party/erpc/src/nexus_impl/nexus.cc:1:
/home/users/wshen24/mako/third-party/erpc/src/nexus_impl/nexus.cc: In member function ‘void erpc::Nexus::print_stats()’:
/home/users/wshen24/mako/third-party/erpc/src/nexus_impl/nexus.cc:82:81: warning: use of old-style cast to ‘intmax_t’ {aka ‘long int’} [-Wold-style-cast]
   82 |     ERPC_INFO("[CPU_TIME] for sm_thread_ of nexus: %4jd.%03ld\n", (intmax_t) ts.tv_sec, ts.tv_nsec / 1000000);
      |                                                                                 ^~~~~~
/home/users/wshen24/mako/third-party/erpc/src/util/logger.h:65:36: note: in definition of macro ‘ERPC_INFO’
   65 |   fprintf(ERPC_LOG_DEFAULT_STREAM, __VA_ARGS__);                        \
      |                                    ^~~~~~~~~~~
/home/users/wshen24/mako/third-party/erpc/src/nexus_impl/nexus.cc:76:7: warning: variable ‘s’ set but not used [-Wunused-but-set-variable]
   76 |   int s;
      |       ^
[ 13%] Building CXX object CMakeFiles/mako.dir/src/mako/stats_server.cc.o
gmake[3]: Entering directory '/home/users/wshen24/mako/build'
gmake[3]: Leaving directory '/home/users/wshen24/mako/build'
gmake[3]: Entering directory '/home/users/wshen24/mako/build'
[ 13%] Borrow checking src/deptran/executor.cc (from deptran_borrow)
Rusty C++ Checker
Analyzing: /home/users/wshen24/mako/src/deptran/executor.cc
   Compiling redis-protocol v6.0.0
Auto-detected 7 C++ include path(s)
[ 13%] Building CXX object CMakeFiles/mako.dir/src/mako/thread.cc.o
/home/users/wshen24/mako/third-party/erpc/src/rpc_impl/rpc.cc: In instantiation of ‘erpc::Rpc<T>::Rpc(erpc::Nexus*, void*, uint8_t, erpc::sm_handler_t, uint8_t) [with TTr = erpc::FakeTransport; uint8_t = unsigned char; erpc::sm_handler_t = void (*)(int, erpc::SmEventType, erpc::SmErrType, void*)]’:
/home/users/wshen24/mako/third-party/erpc/src/rpc_impl/rpc.cc:127:1:   required from here
/home/users/wshen24/mako/third-party/erpc/src/rpc_impl/rpc.cc:58:7: warning: ‘new’ of type ‘erpc::FakeTransport’ with extended alignment 64 [-Waligned-new=]
   58 |       new TTr(nexus->sm_udp_port_, rpc_id, phy_port, numa_node_, trace_file_);
      |       ^~~~~~~~~~~~~~~~~~~~~~~~~~~~~~~~~~~~~~~~~~~~~~~~~~~~~~~~~~~~~~~~~~~~~~~
/home/users/wshen24/mako/third-party/erpc/src/rpc_impl/rpc.cc:58:7: note: uses ‘void* operator new(std::size_t)’, which does not have an alignment parameter
/home/users/wshen24/mako/third-party/erpc/src/rpc_impl/rpc.cc:58:7: note: use ‘-faligned-new’ to enable C++17 over-aligned new support
[ 13%] Building CXX object CMakeFiles/mako.dir/src/mako/ticker.cc.o
[ 13%] Building CXX object CMakeFiles/mako.dir/src/mako/tuple.cc.o
[ 13%] Building CXX object third-party/erpc/CMakeFiles/erpc.dir/src/rpc_impl/rpc_cr.cc.o
[ 13%] Building CXX object CMakeFiles/txlog.dir/src/bench/micro/procedure.cc.o
[ 13%] Building CXX object CMakeFiles/mako.dir/src/mako/txn_btree.cc.o
[ 14%] Building CXX object third-party/erpc/CMakeFiles/erpc.dir/src/rpc_impl/rpc_kick.cc.o
[ 14%] Building CXX object CMakeFiles/mako.dir/src/mako/txn.cc.o
[ 14%] Building CXX object third-party/erpc/CMakeFiles/erpc.dir/src/rpc_impl/rpc_req.cc.o
[ 14%] Building CXX object third-party/erpc/CMakeFiles/erpc.dir/src/rpc_impl/rpc_resp.cc.o
[ 14%] Linking CXX static library libgflags_nothreads.a
[ 15%] Building CXX object CMakeFiles/mako.dir/src/mako/txn_proto2_impl.cc.o
gmake[3]: Leaving directory '/home/users/wshen24/mako/build'
[ 15%] Built target gflags_nothreads_static
gmake[3]: Entering directory '/home/users/wshen24/mako/build'
[ 15%] Building CXX object CMakeFiles/txlog.dir/src/bench/micro/workload.cc.o
gmake[3]: Leaving directory '/home/users/wshen24/mako/build'
gmake[3]: Entering directory '/home/users/wshen24/mako/build'
[ 16%] Borrow checking src/mako/masstree/masstree_context.cc
Rusty C++ Checker
Analyzing: /home/users/wshen24/mako/src/mako/masstree/masstree_context.cc
[ 16%] Building CXX object CMakeFiles/mako.dir/src/mako/varint.cc.o
[ 16%] Building CXX object third-party/erpc/CMakeFiles/erpc.dir/src/rpc_impl/rpc_ev_loop.cc.o
[ 16%] Building CXX object third-party/erpc/CMakeFiles/erpc.dir/src/rpc_impl/rpc_fault_inject.cc.o
Auto-detected 7 C++ include path(s)
[ 16%] Building CXX object third-party/erpc/CMakeFiles/erpc.dir/src/rpc_impl/rpc_pkt_loss.cc.o
At global scope:
cc1plus: note: unrecognized command-line option ‘-Wno-keyword-macro’ may have been intended to silence earlier diagnostics
cc1plus: note: unrecognized command-line option ‘-Wno-nested-anon-types’ may have been intended to silence earlier diagnostics
    Finished `release` profile [optimized] target(s) in 8.01s
gmake[3]: Leaving directory '/home/users/wshen24/mako/build'
[ 16%] Built target rust_build
gmake[3]: Entering directory '/home/users/wshen24/mako/build'
gmake[3]: Leaving directory '/home/users/wshen24/mako/build'
gmake[3]: Entering directory '/home/users/wshen24/mako/build'
[ 16%] Borrow checking src/mako/masstree/kvthread.cc
Rusty C++ Checker
Analyzing: /home/users/wshen24/mako/src/mako/masstree/kvthread.cc
[ 17%] Building CXX object third-party/erpc/CMakeFiles/erpc.dir/src/rpc_impl/rpc_rx.cc.o
Auto-detected 7 C++ include path(s)
[ 17%] Linking CXX shared library libgflags_nothreads.so
[ 17%] Building CXX object CMakeFiles/mako.dir/src/mako/masstree/compiler.cc.o
[ 17%] Building CXX object CMakeFiles/txlog.dir/src/bench/rw/procedure.cc.o
cc1plus: note: unrecognized command-line option ‘-Wno-keyword-macro’ may have been intended to silence earlier diagnostics
cc1plus: note: unrecognized command-line option ‘-Wno-nested-anon-types’ may have been intended to silence earlier diagnostics
gmake[3]: Leaving directory '/home/users/wshen24/mako/build'
[ 17%] Building CXX object CMakeFiles/mako.dir/src/mako/masstree/str.cc.o
[ 17%] Built target gflags_nothreads_shared
gmake[3]: Entering directory '/home/users/wshen24/mako/build'
gmake[3]: Leaving directory '/home/users/wshen24/mako/build'
gmake[3]: Entering directory '/home/users/wshen24/mako/build'
[ 18%] Borrow checking src/mako/masstree/value_versioned_array.cc
Rusty C++ Checker
Analyzing: /home/users/wshen24/mako/src/mako/masstree/value_versioned_array.cc
[ 18%] Building CXX object CMakeFiles/mako.dir/src/mako/masstree/string.cc.o
Auto-detected 7 C++ include path(s)
[ 18%] Building CXX object third-party/erpc/CMakeFiles/erpc.dir/src/rpc_impl/rpc_connect_handlers.cc.o
[ 18%] Building CXX object CMakeFiles/mako.dir/src/mako/masstree/straccum.cc.o
[ 18%] Building CXX object CMakeFiles/txlog.dir/src/bench/rw/workload.cc.o
[ 18%] Building CXX object CMakeFiles/txlog.dir/src/bench/tpca/payment.cc.o
[ 20%] Building CXX object CMakeFiles/txlog.dir/src/bench/tpca/sharding.cc.o
[ 20%] Building CXX object CMakeFiles/txlog.dir/src/bench/tpca/workload.cc.o
[ 20%] Building CXX object CMakeFiles/mako.dir/src/mako/masstree/json.cc.o
gmake[3]: Entering directory '/home/users/wshen24/mako/build'
gmake[3]: Leaving directory '/home/users/wshen24/mako/build'
gmake[3]: Entering directory '/home/users/wshen24/mako/build'
[ 20%] Borrow checking src/mako/masstree/query_masstree.cc
Rusty C++ Checker
Analyzing: /home/users/wshen24/mako/src/mako/masstree/query_masstree.cc
[ 20%] Building CXX object CMakeFiles/txlog.dir/src/bench/tpcc/delivery.cc.o
[ 20%] Building CXX object CMakeFiles/txlog.dir/src/bench/tpcc/new_order.cc.o
Auto-detected 7 C++ include path(s)
[ 20%] Building CXX object CMakeFiles/txlog.dir/src/bench/tpcc/order_status.cc.o
[ 20%] Building CXX object third-party/erpc/CMakeFiles/erpc.dir/src/rpc_impl/rpc_disconnect_handlers.cc.o
[ 20%] Building CXX object third-party/erpc/CMakeFiles/erpc.dir/src/rpc_impl/rpc_reset_handlers.cc.o
[ 20%] Building CXX object CMakeFiles/txlog.dir/src/bench/tpcc/payment.cc.o
[ 20%] Building CXX object third-party/erpc/CMakeFiles/erpc.dir/src/rpc_impl/rpc_sm_api.cc.o
[ 20%] Linking CXX static library librrr.a
[ 20%] Building CXX object third-party/erpc/CMakeFiles/erpc.dir/src/rpc_impl/rpc_sm_helpers.cc.o
gmake[3]: Entering directory '/home/users/wshen24/mako/build'
gmake[3]: Leaving directory '/home/users/wshen24/mako/build'
gmake[3]: Entering directory '/home/users/wshen24/mako/build'
[ 20%] Building CXX object third-party/erpc/CMakeFiles/latency.dir/apps/latency/latency.cc.o
gmake[3]: Leaving directory '/home/users/wshen24/mako/build'
[ 20%] Built target rrr
[ 21%] Building CXX object CMakeFiles/txlog.dir/src/bench/tpcc/procedure.cc.o
[ 21%] Building CXX object CMakeFiles/txlog.dir/src/bench/tpcc/sharding.cc.o
/home/users/wshen24/mako/third-party/erpc/src/rpc_impl/rpc_connect_handlers.cc: In member function ‘void erpc::Rpc<T>::handle_connect_req_st(const erpc::SmPkt&) [with TTr = erpc::FakeTransport]’:
/home/users/wshen24/mako/third-party/erpc/src/rpc_impl/rpc_connect_handlers.cc:94:11: warning: ‘void free(void*)’ called on pointer returned from a mismatched allocation function [-Wmismatched-new-delete]
   94 |       free(session);
      |       ~~~~^~~~~~~~~
/home/users/wshen24/mako/third-party/erpc/src/rpc_impl/rpc_connect_handlers.cc:78:19: note: returned from ‘void* operator new(std::size_t)’
   78 |   auto *session = new Session(Session::Role::kServer, sm_pkt.uniq_token_,
      |                   ^~~~~~~~~~~~~~~~~~~~~~~~~~~~~~~~~~~~~~~~~~~~~~~~~~~~~~~
   79 |                               get_freq_ghz(), transport_->get_bandwidth());
      |                               ~~~~~~~~~~~~~~~~~~~~~~~~~~~~~~~~~~~~~~~~~~~~
✓ rusty-cpp: no violations found!
At global scope:
cc1plus: note: unrecognized command-line option ‘-Wno-keyword-macro’ may have been intended to silence earlier diagnostics
cc1plus: note: unrecognized command-line option ‘-Wno-nested-anon-types’ may have been intended to silence earlier diagnostics
gmake[3]: Leaving directory '/home/users/wshen24/mako/build'
[ 21%] Built target borrow_check_kvthread
[ 21%] Building CXX object CMakeFiles/txlog.dir/src/bench/tpcc/stock_level.cc.o
[ 21%] Building CXX object CMakeFiles/txlog.dir/src/bench/tpcc/workload.cc.o
[ 21%] Building CXX object CMakeFiles/txlog.dir/src/bench/tpcc_dist/procedure.cc.o
[ 22%] Building CXX object third-party/erpc/CMakeFiles/erpc.dir/src/transport_impl/transport.cc.o
✓ rusty-cpp: no violations found!
gmake[3]: Leaving directory '/home/users/wshen24/mako/build'
[ 22%] Built target borrow_check_masstree_context
[ 22%] Building CXX object third-party/erpc/CMakeFiles/latency.dir/src/nexus_impl/nexus.cc.o
[ 22%] Building CXX object third-party/erpc/CMakeFiles/latency.dir/src/nexus_impl/nexus_bg_thread.cc.o
gmake[3]: Entering directory '/home/users/wshen24/mako/build'
gmake[3]: Leaving directory '/home/users/wshen24/mako/build'
gmake[3]: Entering directory '/home/users/wshen24/mako/build'
[ 22%] Building CXX object CMakeFiles/memdb.dir/src/memdb/MurmurHash3.cc.o
[ 22%] Building CXX object CMakeFiles/memdb.dir/src/memdb/row.cc.o
[ 22%] Building CXX object third-party/erpc/CMakeFiles/erpc.dir/src/transport_impl/dpdk/dpdk_transport.cc.o
[ 22%] Building CXX object third-party/erpc/CMakeFiles/erpc.dir/src/transport_impl/dpdk/dpdk_init.cc.o
[ 22%] Building CXX object third-party/erpc/CMakeFiles/erpc.dir/src/transport_impl/dpdk/dpdk_externs.cc.o
[ 23%] Building CXX object third-party/erpc/CMakeFiles/latency.dir/src/nexus_impl/nexus_sm_thread.cc.o
/home/users/wshen24/mako/third-party/erpc/src/nexus_impl/nexus.cc: In constructor ‘erpc::Nexus::Nexus(std::string, size_t, size_t)’:
/home/users/wshen24/mako/third-party/erpc/src/nexus_impl/nexus.cc:64:10: warning: unused variable ‘sm_thread_lcore_index’ [-Wunused-variable]
   64 |   size_t sm_thread_lcore_index = sm_udp_port_ % num_lcores_per_numa_node();
      |          ^~~~~~~~~~~~~~~~~~~~~
In file included from /home/users/wshen24/mako/third-party/erpc/src/util/udp_client.h:11,
                 from /home/users/wshen24/mako/third-party/erpc/src/heartbeat_mgr.h:11,
                 from /home/users/wshen24/mako/third-party/erpc/src/nexus.h:5,
                 from /home/users/wshen24/mako/third-party/erpc/src/nexus_impl/nexus.cc:1:
/home/users/wshen24/mako/third-party/erpc/src/nexus_impl/nexus.cc: In member function ‘void erpc::Nexus::print_stats()’:
/home/users/wshen24/mako/third-party/erpc/src/nexus_impl/nexus.cc:82:81: warning: use of old-style cast to ‘intmax_t’ {aka ‘long int’} [-Wold-style-cast]
   82 |     ERPC_INFO("[CPU_TIME] for sm_thread_ of nexus: %4jd.%03ld\n", (intmax_t) ts.tv_sec, ts.tv_nsec / 1000000);
      |                                                                                 ^~~~~~
/home/users/wshen24/mako/third-party/erpc/src/util/logger.h:65:36: note: in definition of macro ‘ERPC_INFO’
   65 |   fprintf(ERPC_LOG_DEFAULT_STREAM, __VA_ARGS__);                        \
      |                                    ^~~~~~~~~~~
/home/users/wshen24/mako/third-party/erpc/src/nexus_impl/nexus.cc:76:7: warning: variable ‘s’ set but not used [-Wunused-but-set-variable]
   76 |   int s;
      |       ^
[ 23%] Building CXX object third-party/erpc/CMakeFiles/latency.dir/src/rpc_impl/rpc.cc.o
[ 23%] Building CXX object third-party/erpc/CMakeFiles/erpc.dir/src/transport_impl/dpdk/dpdk_transport_datapath.cc.o
[ 23%] Building CXX object third-party/erpc/CMakeFiles/erpc.dir/src/transport_impl/infiniband/ib_transport.cc.o
[ 23%] Building CXX object third-party/erpc/CMakeFiles/erpc.dir/src/transport_impl/infiniband/ib_transport_datapath.cc.o
[ 24%] Building CXX object third-party/erpc/CMakeFiles/erpc.dir/src/transport_impl/raw/raw_transport.cc.o
[ 24%] Building CXX object third-party/erpc/CMakeFiles/erpc.dir/src/transport_impl/raw/raw_transport_datapath.cc.o
[ 24%] Building CXX object third-party/erpc/CMakeFiles/erpc.dir/src/transport_impl/fake/fake_transport.cc.o
[ 24%] Building CXX object CMakeFiles/memdb.dir/src/memdb/schema.cc.o
[ 24%] Linking CXX shared library ../../../../../lib/libgtest.so
At top level:
cc1plus: note: unrecognized command-line option ‘-Wno-keyword-macro’ may have been intended to silence earlier diagnostics
cc1plus: note: unrecognized command-line option ‘-Wno-nested-anon-types’ may have been intended to silence earlier diagnostics
gmake[3]: Leaving directory '/home/users/wshen24/mako/build'
[ 25%] Building CXX object CMakeFiles/memdb.dir/src/memdb/table.cc.o
[ 25%] Built target gtest
[ 26%] Building CXX object CMakeFiles/mako.dir/src/mako/masstree/kvthread.cc.o
/home/users/wshen24/mako/third-party/erpc/src/transport_impl/fake/fake_transport.cc: In member function ‘void erpc::FakeTransport::resolve_local_ip_address()’:
/home/users/wshen24/mako/third-party/erpc/src/transport_impl/fake/fake_transport.cc:388:45: warning: use of old-style cast to ‘struct sockaddr*’ [-Wold-style-cast]
  388 |   if (connect(temp_sock, (struct sockaddr*)&remote_addr, sizeof(remote_addr)) < 0) {
      |                                             ^~~~~~~~~~~
      |                          -
      |                          reinterpret_cast<-
      |                                           > (          )
/home/users/wshen24/mako/third-party/erpc/src/transport_impl/fake/fake_transport.cc:397:49: warning: use of old-style cast to ‘struct sockaddr*’ [-Wold-style-cast]
  397 |   if (getsockname(temp_sock, (struct sockaddr*)&local_addr, &addr_len) < 0) {
      |                                                 ^~~~~~~~~~
      |                              -
      |                              reinterpret_cast<-
      |                                               > (         )
[ 26%] Building CXX object CMakeFiles/mako.dir/src/mako/masstree/masstree_context.cc.o
[ 26%] Building CXX object CMakeFiles/txlog.dir/src/bench/tpcc_real_dist/delivery.cc.o
/home/users/wshen24/mako/third-party/erpc/src/rpc_impl/rpc.cc: In instantiation of ‘erpc::Rpc<T>::Rpc(erpc::Nexus*, void*, uint8_t, erpc::sm_handler_t, uint8_t) [with TTr = erpc::FakeTransport; uint8_t = unsigned char; erpc::sm_handler_t = void (*)(int, erpc::SmEventType, erpc::SmErrType, void*)]’:
/home/users/wshen24/mako/third-party/erpc/src/rpc_impl/rpc.cc:127:1:   required from here
/home/users/wshen24/mako/third-party/erpc/src/rpc_impl/rpc.cc:58:7: warning: ‘new’ of type ‘erpc::FakeTransport’ with extended alignment 64 [-Waligned-new=]
   58 |       new TTr(nexus->sm_udp_port_, rpc_id, phy_port, numa_node_, trace_file_);
      |       ^~~~~~~~~~~~~~~~~~~~~~~~~~~~~~~~~~~~~~~~~~~~~~~~~~~~~~~~~~~~~~~~~~~~~~~
/home/users/wshen24/mako/third-party/erpc/src/rpc_impl/rpc.cc:58:7: note: uses ‘void* operator new(std::size_t)’, which does not have an alignment parameter
/home/users/wshen24/mako/third-party/erpc/src/rpc_impl/rpc.cc:58:7: note: use ‘-faligned-new’ to enable C++17 over-aligned new support
At global scope:
cc1plus: note: unrecognized command-line option ‘-Wno-keyword-macro’ may have been intended to silence earlier diagnostics
cc1plus: note: unrecognized command-line option ‘-Wno-nested-anon-types’ may have been intended to silence earlier diagnostics
[ 26%] Building CXX object third-party/erpc/CMakeFiles/erpc.dir/src/util/huge_alloc.cc.o
[ 26%] Building CXX object third-party/erpc/CMakeFiles/erpc.dir/src/util/numautils.cc.o
[ 26%] Building CXX object CMakeFiles/txlog.dir/src/bench/tpcc_real_dist/new_order.cc.o
gmake[3]: Entering directory '/home/users/wshen24/mako/build'
gmake[3]: Leaving directory '/home/users/wshen24/mako/build'
gmake[3]: Entering directory '/home/users/wshen24/mako/build'
[ 27%] Building CXX object third-party/erpc/third_party/googletest/googletest/CMakeFiles/gtest_main.dir/src/gtest_main.cc.o
[ 28%] Building CXX object CMakeFiles/txlog.dir/src/bench/tpcc_real_dist/payment.cc.o
[ 28%] Building CXX object third-party/erpc/CMakeFiles/erpc.dir/src/util/tls_registry.cc.o
cc1plus: note: unrecognized command-line option ‘-Wno-keyword-macro’ may have been intended to silence earlier diagnostics
cc1plus: note: unrecognized command-line option ‘-Wno-nested-anon-types’ may have been intended to silence earlier diagnostics
[ 28%] Building CXX object CMakeFiles/txlog.dir/src/bench/tpcc_real_dist/procedure.cc.o
[ 28%] Building CXX object third-party/erpc/CMakeFiles/latency.dir/src/rpc_impl/rpc_queues.cc.o
[ 28%] Building CXX object CMakeFiles/mako.dir/src/mako/silo_runtime.cc.o
[ 30%] Linking CXX shared library ../../liberpc.so
[ 30%] Linking CXX shared library ../../../../../lib/libgtest_main.so
[ 30%] Building CXX object CMakeFiles/txlog.dir/src/bench/tpcc_real_dist/sharding.cc.o
gmake[3]: Leaving directory '/home/users/wshen24/mako/build'
[ 30%] Built target gtest_main
[ 30%] Building CXX object CMakeFiles/txlog.dir/src/bench/tpcc_real_dist/workload.cc.o
gmake[3]: Leaving directory '/home/users/wshen24/mako/build'
[ 30%] Built target erpc
✓ rusty-cpp: no violations found!
[ 30%] Building CXX object CMakeFiles/txlog.dir/src/deptran/2pl/scheduler.cc.o
gmake[3]: Leaving directory '/home/users/wshen24/mako/build'
[ 30%] Built target borrow_check_value_versioned_array
[ 30%] Building CXX object third-party/erpc/CMakeFiles/latency.dir/src/rpc_impl/rpc_rfr.cc.o
gmake[3]: Entering directory '/home/users/wshen24/mako/build'
gmake[3]: Leaving directory '/home/users/wshen24/mako/build'
gmake[3]: Entering directory '/home/users/wshen24/mako/build'
[ 31%] Building CXX object third-party/erpc/third_party/googletest/googlemock/CMakeFiles/gmock.dir/src/gmock-all.cc.o
[ 31%] Building CXX object third-party/erpc/CMakeFiles/latency.dir/src/rpc_impl/rpc_cr.cc.o
[ 31%] Building CXX object CMakeFiles/txlog.dir/src/deptran/2pl/tx.cc.o
gmake[3]: Entering directory '/home/users/wshen24/mako/build'
gmake[3]: Leaving directory '/home/users/wshen24/mako/build'
gmake[3]: Entering directory '/home/users/wshen24/mako/build'
[ 32%] Building CXX object CMakeFiles/test_erpc_integration.dir/test/test_erpc_integration.cc.o
[ 33%] Building CXX object CMakeFiles/txlog.dir/src/deptran/RW_command.cc.o
[ 33%] Building CXX object CMakeFiles/txlog.dir/src/deptran/benchmark_control_rpc.cc.o
[ 33%] Building CXX object third-party/erpc/CMakeFiles/latency.dir/src/rpc_impl/rpc_kick.cc.o
[ 33%] Building CXX object third-party/erpc/CMakeFiles/latency.dir/src/rpc_impl/rpc_req.cc.o
[ 34%] Building CXX object third-party/erpc/CMakeFiles/latency.dir/src/rpc_impl/rpc_resp.cc.o
[ 34%] Building CXX object CMakeFiles/txlog.dir/src/deptran/carousel/commo.cc.o
[ 34%] Building CXX object CMakeFiles/memdb.dir/src/memdb/txn.cc.o
[ 34%] Building CXX object CMakeFiles/txlog.dir/src/deptran/carousel/coordinator.cc.o
[ 34%] Building CXX object third-party/erpc/CMakeFiles/latency.dir/src/rpc_impl/rpc_ev_loop.cc.o
[ 34%] Building CXX object CMakeFiles/mako.dir/src/mako/benchmarks/bench.cc.o
[ 34%] Building CXX object CMakeFiles/mako.dir/src/mako/benchmarks/encstress.cc.o
[ 34%] Building CXX object CMakeFiles/mako.dir/src/mako/benchmarks/bid.cc.o
[ 34%] Building CXX object CMakeFiles/memdb.dir/src/memdb/txn_2pl.cc.o
[ 34%] Building CXX object CMakeFiles/memdb.dir/src/memdb/txn_nested.cc.o
[ 34%] Building CXX object third-party/erpc/CMakeFiles/latency.dir/src/rpc_impl/rpc_fault_inject.cc.o
[ 34%] Building CXX object third-party/erpc/CMakeFiles/latency.dir/src/rpc_impl/rpc_pkt_loss.cc.o
[ 34%] Building CXX object CMakeFiles/memdb.dir/src/memdb/txn_occ.cc.o
[ 34%] Building CXX object CMakeFiles/txlog.dir/src/deptran/carousel/frame.cc.o
[ 34%] Building CXX object third-party/erpc/CMakeFiles/latency.dir/src/rpc_impl/rpc_rx.cc.o
[ 34%] Linking CXX shared library ../../../../../lib/libgmock.so
[ 34%] Building CXX object third-party/erpc/CMakeFiles/latency.dir/src/rpc_impl/rpc_connect_handlers.cc.o
gmake[3]: Leaving directory '/home/users/wshen24/mako/build'
[ 34%] Built target gmock
gmake[3]: Entering directory '/home/users/wshen24/mako/build'
gmake[3]: Entering directory '/home/users/wshen24/mako/build'
gmake[3]: Leaving directory '/home/users/wshen24/mako/build'
gmake[3]: Entering directory '/home/users/wshen24/mako/build'
gmake[3]: Leaving directory '/home/users/wshen24/mako/build'
gmake[3]: Entering directory '/home/users/wshen24/mako/build'
[ 34%] Building CXX object third-party/erpc/CMakeFiles/hello_client.dir/hello_world/client.cc.o
[ 34%] Building CXX object third-party/erpc/CMakeFiles/hello_server.dir/hello_world/server.cc.o
[ 35%] Building CXX object third-party/erpc/CMakeFiles/latency.dir/src/rpc_impl/rpc_disconnect_handlers.cc.o
[ 35%] Building CXX object third-party/erpc/CMakeFiles/latency.dir/src/rpc_impl/rpc_reset_handlers.cc.o
[ 35%] Linking CXX executable test_erpc_integration
[ 35%] Building CXX object CMakeFiles/memdb.dir/src/memdb/txn_unsafe.cc.o
gmake[3]: Leaving directory '/home/users/wshen24/mako/build'
[ 35%] Built target test_erpc_integration
[ 36%] Building CXX object CMakeFiles/mako.dir/src/mako/benchmarks/queue.cc.o
/home/users/wshen24/mako/third-party/erpc/hello_world/server.cc: In function ‘void hello_wrapper_request_f(erpc::ReqHandle*, void*)’:
/home/users/wshen24/mako/third-party/erpc/hello_world/server.cc:18:10: warning: format not a string literal and no format arguments [-Wformat-security]
   18 |   sprintf(reinterpret_cast<char *>(resp.buf_), v.data());
      |   ~~~~~~~^~~~~~~~~~~~~~~~~~~~~~~~~~~~~~~~~~~~~~~~~~~~~~~
/home/users/wshen24/mako/third-party/erpc/hello_world/server.cc: In function ‘int main()’:
/home/users/wshen24/mako/third-party/erpc/hello_world/server.cc:54:9: warning: unused variable ‘num_pkts’ [-Wunused-variable]
   54 |     int num_pkts = rpc->run_event_loop_once();
      |         ^~~~~~~~
/home/users/wshen24/mako/third-party/erpc/hello_world/client.cc: In function ‘void hello_wrapper_response(void*, void*)’:
/home/users/wshen24/mako/third-party/erpc/hello_world/client.cc:22:54: warning: use of old-style cast to ‘int*’ [-Wold-style-cast]
   22 |   std::cout << "the held pointer(_tag): " << (*(int*)_tag) << std::endl;
      |                                                      ^~~~
      |                                                ----------
      |                                                static_cast<int*> (_tag)
/home/users/wshen24/mako/third-party/erpc/hello_world/client.cc:23:52: warning: use of old-style cast to ‘char*’ [-Wold-style-cast]
   23 |   std::cout << "received message: " << (char*)resp.buf_ << std::endl;
      |                                                    ^~~~
      |                                        ----------------
      |                                        reinterpret_cast<char*> (resp.buf_)
/home/users/wshen24/mako/third-party/erpc/hello_world/client.cc:18:35: warning: unused parameter ‘_context’ [-Wunused-parameter]
   18 | void hello_wrapper_response(void *_context, void *_tag) {
      |                             ~~~~~~^~~~~~~~
/home/users/wshen24/mako/third-party/erpc/hello_world/client.cc: In function ‘void hello(int, int)’:
/home/users/wshen24/mako/third-party/erpc/hello_world/client.cc:34:35: warning: format ‘%d’ expects argument of type ‘int’, but argument 2 has type ‘size_t’ {aka ‘long unsigned int’} [-Wformat=]
   34 |   printf("hello_client send size:%d\n", strlen(chr));
      |                                  ~^     ~~~~~~~~~~~
      |                                   |           |
      |                                   int         size_t {aka long unsigned int}
      |                                  %ld
/home/users/wshen24/mako/third-party/erpc/hello_world/client.cc:41:9: warning: unused variable ‘num_pkts’ [-Wunused-variable]
   41 |     int num_pkts = rpc->run_event_loop_once();
      |         ^~~~~~~~
gmake[3]: Entering directory '/home/users/wshen24/mako/build'
gmake[3]: Leaving directory '/home/users/wshen24/mako/build'
gmake[3]: Entering directory '/home/users/wshen24/mako/build'
[ 36%] Building CXX object third-party/erpc/third_party/googletest/googlemock/CMakeFiles/gmock_main.dir/src/gmock_main.cc.o
[ 36%] Building CXX object third-party/erpc/CMakeFiles/latency.dir/src/rpc_impl/rpc_sm_api.cc.o
At global scope:
cc1plus: note: unrecognized command-line option ‘-Wno-keyword-macro’ may have been intended to silence earlier diagnostics
cc1plus: note: unrecognized command-line option ‘-Wno-nested-anon-types’ may have been intended to silence earlier diagnostics
At global scope:
cc1plus: note: unrecognized command-line option ‘-Wno-keyword-macro’ may have been intended to silence earlier diagnostics
cc1plus: note: unrecognized command-line option ‘-Wno-nested-anon-types’ may have been intended to silence earlier diagnostics
[ 36%] Linking CXX executable ../../hello_server
[ 37%] Linking CXX executable ../../hello_client
gmake[3]: Leaving directory '/home/users/wshen24/mako/build'
[ 37%] Built target hello_server
[ 37%] Building CXX object CMakeFiles/memdb.dir/src/memdb/utils.cc.o
[ 37%] Building CXX object CMakeFiles/txlog.dir/src/deptran/carousel/scheduler.cc.o
gmake[3]: Leaving directory '/home/users/wshen24/mako/build'
[ 37%] Built target hello_client
[ 37%] Building CXX object third-party/erpc/CMakeFiles/latency.dir/src/rpc_impl/rpc_sm_helpers.cc.o
[ 37%] Linking CXX shared library ../../../../../lib/libgmock_main.so
[ 37%] Building CXX object third-party/erpc/CMakeFiles/latency.dir/src/transport_impl/transport.cc.o
[ 37%] Building CXX object third-party/erpc/CMakeFiles/latency.dir/src/transport_impl/dpdk/dpdk_transport.cc.o
[ 38%] Building CXX object CMakeFiles/memdb.dir/src/memdb/value.cc.o
gmake[3]: Leaving directory '/home/users/wshen24/mako/build'
[ 38%] Built target gmock_main
[ 38%] Building CXX object CMakeFiles/mako.dir/src/mako/benchmarks/tpcc.cc.o
[ 40%] Building CXX object CMakeFiles/txlog.dir/src/deptran/carousel/tx.cc.o
[ 40%] Building CXX object CMakeFiles/memdb.dir/src/memdb/xxhash.cc.o
[ 40%] Building CXX object CMakeFiles/mako.dir/src/mako/benchmarks/rpc_setup.cc.o
[ 41%] Building CXX object third-party/erpc/CMakeFiles/latency.dir/src/transport_impl/dpdk/dpdk_init.cc.o
[ 41%] Building CXX object third-party/erpc/CMakeFiles/latency.dir/src/transport_impl/dpdk/dpdk_externs.cc.o
[ 41%] Building CXX object third-party/erpc/CMakeFiles/latency.dir/src/transport_impl/dpdk/dpdk_transport_datapath.cc.o
[ 41%] Building CXX object third-party/erpc/CMakeFiles/latency.dir/src/transport_impl/infiniband/ib_transport.cc.o
[ 41%] Building CXX object third-party/erpc/CMakeFiles/latency.dir/src/transport_impl/infiniband/ib_transport_datapath.cc.o
[ 41%] Building CXX object third-party/erpc/CMakeFiles/latency.dir/src/transport_impl/raw/raw_transport.cc.o
[ 41%] Building CXX object CMakeFiles/txlog.dir/src/deptran/classic/coordinator.cc.o
[ 41%] Building CXX object CMakeFiles/txlog.dir/src/deptran/classic/scheduler.cc.o
[ 42%] Building CXX object third-party/erpc/CMakeFiles/latency.dir/src/transport_impl/raw/raw_transport_datapath.cc.o
[ 42%] Building CXX object third-party/erpc/CMakeFiles/latency.dir/src/transport_impl/fake/fake_transport.cc.o
[ 42%] Building CXX object CMakeFiles/mako.dir/src/mako/benchmarks/sync_util_init.cc.o
[ 42%] Building CXX object third-party/erpc/CMakeFiles/latency.dir/src/util/huge_alloc.cc.o
[ 42%] Building CXX object CMakeFiles/txlog.dir/src/deptran/classic/tpc_command.cc.o
[ 42%] Building CXX object CMakeFiles/txlog.dir/src/deptran/client_status.cc.o
[ 42%] Building CXX object third-party/erpc/CMakeFiles/latency.dir/src/util/numautils.cc.o
[ 42%] Building CXX object third-party/erpc/CMakeFiles/latency.dir/src/util/tls_registry.cc.o
[ 42%] Building CXX object CMakeFiles/txlog.dir/src/deptran/client_worker.cc.o
[ 42%] Building CXX object CMakeFiles/txlog.dir/src/deptran/command_marshaler.cc.o
[ 42%] Building CXX object CMakeFiles/mako.dir/src/mako/benchmarks/sto/Transaction.cc.o
[ 42%] Building CXX object CMakeFiles/mako.dir/src/mako/benchmarks/sto/MassTrans.cc.o
[ 43%] Building CXX object CMakeFiles/txlog.dir/src/deptran/communicator.cc.o
/home/users/wshen24/mako/third-party/erpc/src/transport_impl/fake/fake_transport.cc: In member function ‘void erpc::FakeTransport::resolve_local_ip_address()’:
/home/users/wshen24/mako/third-party/erpc/src/transport_impl/fake/fake_transport.cc:388:45: warning: use of old-style cast to ‘struct sockaddr*’ [-Wold-style-cast]
  388 |   if (connect(temp_sock, (struct sockaddr*)&remote_addr, sizeof(remote_addr)) < 0) {
      |                                             ^~~~~~~~~~~
      |                          -
      |                          reinterpret_cast<-
      |                                           > (          )
/home/users/wshen24/mako/third-party/erpc/src/transport_impl/fake/fake_transport.cc:397:49: warning: use of old-style cast to ‘struct sockaddr*’ [-Wold-style-cast]
  397 |   if (getsockname(temp_sock, (struct sockaddr*)&local_addr, &addr_len) < 0) {
      |                                                 ^~~~~~~~~~
      |                              -
      |                              reinterpret_cast<-
      |                                               > (         )
[ 43%] Building CXX object CMakeFiles/txlog.dir/src/deptran/config.cc.o
At top level:
cc1plus: note: unrecognized command-line option ‘-Wno-keyword-macro’ may have been intended to silence earlier diagnostics
cc1plus: note: unrecognized command-line option ‘-Wno-nested-anon-types’ may have been intended to silence earlier diagnostics
[ 43%] Building CXX object CMakeFiles/txlog.dir/src/deptran/config_client.cc.o
[ 43%] Linking CXX executable ../../latency
[ 44%] Building CXX object CMakeFiles/mako.dir/src/mako/benchmarks/sto/common.cc.o
[ 44%] Building CXX object CMakeFiles/txlog.dir/src/deptran/config_node_init.cc.o
lto-wrapper: warning: using serial compilation of 3 LTRANS jobs
lto-wrapper: note: see the ‘-flto’ option documentation for more information
[ 44%] Linking CXX static library libmemdb.a
gmake[3]: Leaving directory '/home/users/wshen24/mako/build'
[ 44%] Built target memdb
[ 44%] Building CXX object CMakeFiles/txlog.dir/src/deptran/config_service.cc.o
[ 44%] Building CXX object CMakeFiles/txlog.dir/src/deptran/config_store.cc.o
[ 45%] Building CXX object CMakeFiles/txlog.dir/src/deptran/coordinator.cc.o
[ 45%] Building CXX object CMakeFiles/mako.dir/src/mako/benchmarks/sto/TRcu.cc.o
gmake[3]: Entering directory '/home/users/wshen24/mako/build'
gmake[3]: Leaving directory '/home/users/wshen24/mako/build'
gmake[3]: Entering directory '/home/users/wshen24/mako/build'
[ 46%] Building CXX object CMakeFiles/rpcbench.dir/test/rpcbench.cc.o
gmake[3]: Entering directory '/home/users/wshen24/mako/build'
gmake[3]: Leaving directory '/home/users/wshen24/mako/build'
gmake[3]: Entering directory '/home/users/wshen24/mako/build'
[ 46%] Building CXX object CMakeFiles/test_marshal.dir/test/test_marshal.cc.o
gmake[3]: Entering directory '/home/users/wshen24/mako/build'
gmake[3]: Leaving directory '/home/users/wshen24/mako/build'
gmake[3]: Entering directory '/home/users/wshen24/mako/build'
[ 46%] Building CXX object CMakeFiles/test_client_service.dir/test/test_client_service.cc.o
[ 46%] Building CXX object CMakeFiles/txlog.dir/src/deptran/copilot/commo.cc.o
[ 46%] Building CXX object CMakeFiles/mako.dir/src/mako/benchmarks/sto/Packer.cc.o
[ 46%] Building CXX object CMakeFiles/mako.dir/src/mako/benchmarks/sto/ReplayDB.cc.o
[ 46%] Building CXX object CMakeFiles/mako.dir/src/mako/benchmarks/sto/ThreadPool.cc.o
[ 46%] Building CXX object CMakeFiles/mako.dir/src/mako/lib/lookup3.cc.o
[ 46%] Building CXX object CMakeFiles/mako.dir/src/mako/lib/kv_store.cc.o
[ 46%] Building CXX object CMakeFiles/txlog.dir/src/deptran/copilot/coordinator.cc.o
[ 46%] Building CXX object CMakeFiles/txlog.dir/src/deptran/copilot/frame.cc.o
gmake[3]: Entering directory '/home/users/wshen24/mako/build'
gmake[3]: Leaving directory '/home/users/wshen24/mako/build'
gmake[3]: Entering directory '/home/users/wshen24/mako/build'
[ 46%] Building CXX object CMakeFiles/test_config_schema.dir/test/config_schema_test.cc.o
[ 46%] Building CXX object CMakeFiles/txlog.dir/src/deptran/copilot/server.cc.o
[ 46%] Building CXX object CMakeFiles/txlog.dir/src/deptran/copilot/service.cc.o
[ 47%] Building CXX object CMakeFiles/mako.dir/src/mako/lib/rust_wrapper.cc.o
[ 47%] Linking CXX executable test_client_service
[ 47%] Building CXX object CMakeFiles/mako.dir/src/mako/lib/message.cc.o
gmake[3]: Leaving directory '/home/users/wshen24/mako/build'
[ 47%] Built target latency
gmake[3]: Entering directory '/home/users/wshen24/mako/build'
gmake[3]: Leaving directory '/home/users/wshen24/mako/build'
gmake[3]: Entering directory '/home/users/wshen24/mako/build'
[ 47%] Building CXX object CMakeFiles/test_sharding_policy.dir/test/sharding_policy_test.cc.o
[ 47%] Building CXX object CMakeFiles/mako.dir/src/mako/lib/memory.cc.o
[ 47%] Building CXX object CMakeFiles/mako.dir/src/mako/lib/helper_queue.cc.o
[ 47%] Building CXX object CMakeFiles/rpcbench.dir/test/benchmark_service.cc.o
[ 47%] Building CXX object CMakeFiles/mako.dir/src/mako/lib/transport.cc.o
[ 48%] Building CXX object CMakeFiles/txlog.dir/src/deptran/empty.cc.o
[ 48%] Building CXX object CMakeFiles/txlog.dir/src/deptran/executor.cc.o
gmake[3]: Leaving directory '/home/users/wshen24/mako/build'
[ 48%] Built target test_client_service
gmake[3]: Entering directory '/home/users/wshen24/mako/build'
gmake[3]: Leaving directory '/home/users/wshen24/mako/build'
gmake[3]: Entering directory '/home/users/wshen24/mako/build'
[ 48%] Building CXX object CMakeFiles/test_fiber.dir/test/fiber_test.cc.o
gmake[3]: Entering directory '/home/users/wshen24/mako/build'
gmake[3]: Leaving directory '/home/users/wshen24/mako/build'
gmake[3]: Entering directory '/home/users/wshen24/mako/build'
gmake[3]: Entering directory '/home/users/wshen24/mako/build'
[ 48%] Building CXX object CMakeFiles/test_rpc.dir/test/test_rpc.cc.o
gmake[3]: Leaving directory '/home/users/wshen24/mako/build'
gmake[3]: Entering directory '/home/users/wshen24/mako/build'
[ 48%] Building CXX object CMakeFiles/test_load_balancer.dir/test/test_load_balancer.cc.o
[ 48%] Building CXX object CMakeFiles/test_load_balancer.dir/test/benchmark_service.cc.o
[ 48%] Building CXX object CMakeFiles/txlog.dir/src/deptran/extern_c/frame.cc.o
[ 48%] Building CXX object CMakeFiles/txlog.dir/src/deptran/extern_c/sched.cc.o
[ 48%] Linking CXX executable test_config_schema
[ 48%] Building CXX object CMakeFiles/txlog.dir/src/deptran/februus/commo.cc.o
✓ rusty-cpp: no violations found!
gmake[3]: Leaving directory '/home/users/wshen24/mako/build'
[ 48%] Built target borrow_check_query_masstree
gmake[3]: Entering directory '/home/users/wshen24/mako/build'
gmake[3]: Leaving directory '/home/users/wshen24/mako/build'
gmake[3]: Entering directory '/home/users/wshen24/mako/build'
[ 48%] Building CXX object CMakeFiles/test_idempotency.dir/test/test_idempotency.cc.o
[ 48%] Linking CXX executable test_marshal
[ 48%] Linking CXX executable rpcbench
[ 48%] Building CXX object CMakeFiles/txlog.dir/src/deptran/februus/coordinator.cc.o
[ 48%] Building CXX object CMakeFiles/txlog.dir/src/deptran/februus/frame.cc.o
[ 50%] Building CXX object CMakeFiles/txlog.dir/src/deptran/februus/scheduler.cc.o
gmake[3]: Leaving directory '/home/users/wshen24/mako/build'
[ 50%] Built target rpcbench
gmake[3]: Entering directory '/home/users/wshen24/mako/build'
gmake[3]: Leaving directory '/home/users/wshen24/mako/build'
gmake[3]: Entering directory '/home/users/wshen24/mako/build'
[ 50%] Building CXX object CMakeFiles/test_completion_tracker.dir/test/test_completion_tracker.cc.o
[ 50%] Building CXX object CMakeFiles/mako.dir/src/mako/lib/fasttransport.cc.o
[ 50%] Building CXX object CMakeFiles/txlog.dir/src/deptran/fpga_raft/commo.cc.o
[ 51%] Building CXX object CMakeFiles/mako.dir/src/mako/lib/erpc_backend.cc.o
[ 51%] Building CXX object CMakeFiles/txlog.dir/src/deptran/fpga_raft/coordinator.cc.o
[ 51%] Linking CXX executable test_sharding_policy
gmake[3]: Leaving directory '/home/users/wshen24/mako/build'
[ 51%] Built target test_config_schema
gmake[3]: Entering directory '/home/users/wshen24/mako/build'
gmake[3]: Leaving directory '/home/users/wshen24/mako/build'
gmake[3]: Entering directory '/home/users/wshen24/mako/build'
[ 51%] Building CXX object CMakeFiles/rpc_chaos_test.dir/test/rpc_chaos_test.cc.o
[ 51%] Building CXX object CMakeFiles/rpc_chaos_test.dir/test/benchmark_service.cc.o
gmake[3]: Leaving directory '/home/users/wshen24/mako/build'
[ 51%] Built target test_marshal
gmake[3]: Entering directory '/home/users/wshen24/mako/build'
gmake[3]: Leaving directory '/home/users/wshen24/mako/build'
gmake[3]: Entering directory '/home/users/wshen24/mako/build'
[ 51%] Building CXX object CMakeFiles/test_future.dir/test/test_future.cc.o
[ 51%] Building CXX object CMakeFiles/txlog.dir/src/deptran/fpga_raft/exec.cc.o
[ 51%] Linking CXX executable test_fiber
[ 51%] Building CXX object CMakeFiles/txlog.dir/src/deptran/fpga_raft/frame.cc.o
[ 51%] Building CXX object CMakeFiles/txlog.dir/src/deptran/fpga_raft/server.cc.o
[ 52%] Building CXX object CMakeFiles/txlog.dir/src/deptran/fpga_raft/service.cc.o
[ 53%] Linking CXX executable test_idempotency
gmake[3]: Leaving directory '/home/users/wshen24/mako/build'
[ 53%] Building CXX object CMakeFiles/txlog.dir/src/deptran/frame.cc.o
[ 53%] Built target test_fiber
[ 53%] Building CXX object CMakeFiles/txlog.dir/src/deptran/helloworld_client/helloworld_impl.cc.o
[ 53%] Building CXX object CMakeFiles/txlog.dir/src/deptran/janus/commo.cc.o
gmake[3]: Leaving directory '/home/users/wshen24/mako/build'
[ 53%] Built target test_sharding_policy
gmake[3]: Entering directory '/home/users/wshen24/mako/build'
gmake[3]: Leaving directory '/home/users/wshen24/mako/build'
gmake[3]: Entering directory '/home/users/wshen24/mako/build'
[ 53%] Building CXX object CMakeFiles/bench_future.dir/test/bench_future.cc.o
[ 53%] Building CXX object CMakeFiles/txlog.dir/src/deptran/janus/coordinator.cc.o
[ 53%] Building CXX object CMakeFiles/txlog.dir/src/deptran/janus/frame.cc.o
[ 53%] Linking CXX executable test_completion_tracker
[ 53%] Linking CXX executable test_load_balancer
[ 54%] Building CXX object CMakeFiles/txlog.dir/src/deptran/janus/scheduler.cc.o
gmake[3]: Leaving directory '/home/users/wshen24/mako/build'
[ 54%] Built target test_load_balancer
gmake[3]: Entering directory '/home/users/wshen24/mako/build'
gmake[3]: Entering directory '/home/users/wshen24/mako/build'
gmake[3]: Leaving directory '/home/users/wshen24/mako/build'
gmake[3]: Leaving directory '/home/users/wshen24/mako/build'
gmake[3]: Entering directory '/home/users/wshen24/mako/build'
[ 54%] Building CXX object CMakeFiles/test_coroutine.dir/test/coroutine.cc.o
gmake[3]: Entering directory '/home/users/wshen24/mako/build'
[ 54%] Building CXX object CMakeFiles/test_reactor.dir/test/test_reactor.cc.o
[ 54%] Building CXX object CMakeFiles/txlog.dir/src/deptran/janus/tx.cc.o
[ 54%] Building CXX object CMakeFiles/mako.dir/src/mako/lib/rrr_rpc_backend.cc.o
gmake[3]: Leaving directory '/home/users/wshen24/mako/build'
[ 54%] Built target test_idempotency
gmake[3]: Entering directory '/home/users/wshen24/mako/build'
[ 54%] Building CXX object CMakeFiles/mako.dir/src/mako/lib/multi_transport_manager.cc.o
gmake[3]: Leaving directory '/home/users/wshen24/mako/build'
gmake[3]: Entering directory '/home/users/wshen24/mako/build'
[ 54%] Building CXX object CMakeFiles/test_rpc_extended.dir/test/test_rpc_extended.cc.o
In file included from /usr/include/boost/config/header_deprecated.hpp:18,
                 from /usr/include/boost/detail/scoped_enum_emulation.hpp:15,
                 from /usr/include/boost/coroutine/exceptions.hpp:14,
                 from /usr/include/boost/coroutine/asymmetric_coroutine.hpp:24,
                 from /usr/include/boost/coroutine/coroutine.hpp:10,
                 from /usr/include/boost/coroutine/all.hpp:11,
                 from /home/users/wshen24/mako/test/coroutine.cc:3:
/usr/include/boost/detail/scoped_enum_emulation.hpp:17:1: note: ‘#pragma message: This header is deprecated. Use <boost/core/scoped_enum.hpp> instead.’
   17 | BOOST_HEADER_DEPRECATED("<boost/core/scoped_enum.hpp>")
      | ^~~~~~~~~~~~~~~~~~~~~~~
[ 54%] Building CXX object CMakeFiles/test_rpc.dir/test/benchmark_service.cc.o
gmake[3]: Leaving directory '/home/users/wshen24/mako/build'
[ 54%] Built target test_completion_tracker
[ 54%] Building CXX object CMakeFiles/mako.dir/src/mako/lib/configuration.cc.o
[ 54%] Building CXX object CMakeFiles/txlog.dir/src/deptran/marshal-value.cc.o
[ 54%] Building CXX object CMakeFiles/txlog.dir/src/deptran/mencius/commo.cc.o
[ 54%] Building CXX object CMakeFiles/txlog.dir/src/deptran/mencius/coordinator.cc.o
[ 54%] Building CXX object CMakeFiles/txlog.dir/src/deptran/mencius/exec.cc.o
[ 54%] Linking CXX executable rpc_chaos_test
[ 54%] Building CXX object CMakeFiles/txlog.dir/src/deptran/mencius/frame.cc.o
[ 54%] Linking CXX executable bench_future
[ 54%] Building CXX object CMakeFiles/mako.dir/src/mako/lib/timestamp.cc.o
[ 54%] Building CXX object CMakeFiles/test_rpc_extended.dir/test/benchmark_service.cc.o
[ 54%] Linking CXX executable test_future
gmake[3]: Leaving directory '/home/users/wshen24/mako/build'
[ 54%] Built target rpc_chaos_test
gmake[3]: Entering directory '/home/users/wshen24/mako/build'
gmake[3]: Leaving directory '/home/users/wshen24/mako/build'
gmake[3]: Entering directory '/home/users/wshen24/mako/build'
[ 54%] Building CXX object CMakeFiles/test_reactor_extended.dir/test/test_reactor_extended.cc.o
gmake[3]: Leaving directory '/home/users/wshen24/mako/build'
[ 54%] Built target bench_future
[ 55%] Building CXX object CMakeFiles/txlog.dir/src/deptran/mencius/server.cc.o
[ 55%] Linking CXX executable test_reactor
gmake[3]: Entering directory '/home/users/wshen24/mako/build'
gmake[3]: Leaving directory '/home/users/wshen24/mako/build'
gmake[3]: Leaving directory '/home/users/wshen24/mako/build'
[ 55%] Built target test_future
gmake[3]: Entering directory '/home/users/wshen24/mako/build'
[ 55%] Building CXX object CMakeFiles/test_arc_mutex_thread.dir/test/test_arc_mutex_thread.cc.o
[ 55%] Building CXX object CMakeFiles/txlog.dir/src/deptran/mencius/service.cc.o
gmake[3]: Entering directory '/home/users/wshen24/mako/build'
gmake[3]: Leaving directory '/home/users/wshen24/mako/build'
gmake[3]: Entering directory '/home/users/wshen24/mako/build'
[ 55%] Building CXX object CMakeFiles/test_timeout_race.dir/test/test_timeout_race.cc.o
[ 55%] Linking CXX executable test_rpc
gmake[3]: Leaving directory '/home/users/wshen24/mako/build'
[ 55%] Built target test_reactor
gmake[3]: Entering directory '/home/users/wshen24/mako/build'
gmake[3]: Leaving directory '/home/users/wshen24/mako/build'
gmake[3]: Entering directory '/home/users/wshen24/mako/build'
[ 55%] Building CXX object CMakeFiles/test_and_event.dir/test/test_and_event.cc.o
[ 55%] Linking CXX executable test_coroutine
[ 55%] Building CXX object CMakeFiles/txlog.dir/src/deptran/multi_value.cc.o
[ 55%] Building CXX object CMakeFiles/txlog.dir/src/deptran/network_client/network_impl.cc.o
gmake[3]: Leaving directory '/home/users/wshen24/mako/build'
[ 55%] Built target test_rpc
[ 55%] Building CXX object CMakeFiles/txlog.dir/src/deptran/none/coordinator.cc.o
gmake[3]: Entering directory '/home/users/wshen24/mako/build'
gmake[3]: Leaving directory '/home/users/wshen24/mako/build'
gmake[3]: Entering directory '/home/users/wshen24/mako/build'
[ 55%] Building CXX object CMakeFiles/test_transport_backend.dir/test/test_transport_backend.cc.o
gmake[3]: Leaving directory '/home/users/wshen24/mako/build'
[ 55%] Built target test_coroutine
[ 55%] Building CXX object CMakeFiles/mako.dir/src/mako/lib/promise.cc.o
[ 56%] Building CXX object CMakeFiles/mako.dir/src/mako/lib/client.cc.o
[ 56%] Building CXX object CMakeFiles/txlog.dir/src/deptran/none/scheduler.cc.o
[ 56%] Building CXX object CMakeFiles/mako.dir/src/mako/lib/shardClient.cc.o
[ 56%] Building CXX object CMakeFiles/mako.dir/src/mako/lib/server.cc.o
[ 56%] Building CXX object CMakeFiles/mako.dir/src/mako/benchmarks/abstract_db.cc.o
[ 56%] Building CXX object CMakeFiles/mako.dir/src/mako/db.cc.o
[ 57%] Building CXX object CMakeFiles/txlog.dir/src/deptran/none_copilot/commo.cc.o
gmake[3]: Entering directory '/home/users/wshen24/mako/build'
[ 57%] Building CXX object CMakeFiles/txlog.dir/src/deptran/none_copilot/scheduler.cc.o
gmake[3]: Leaving directory '/home/users/wshen24/mako/build'
gmake[3]: Entering directory '/home/users/wshen24/mako/build'
[ 57%] Building CXX object CMakeFiles/stress_transport_backend.dir/test/stress_transport_backend.cc.o
[ 57%] Building CXX object CMakeFiles/mako.dir/src/mako/client_service.cc.o
[ 57%] Building CXX object CMakeFiles/txlog.dir/src/deptran/occ/scheduler.cc.o
[ 57%] Linking CXX executable test_rpc_extended
[ 57%] Building CXX object CMakeFiles/txlog.dir/src/deptran/occ/tx.cc.o
[ 58%] Linking CXX executable test_reactor_extended
[ 58%] Linking CXX executable test_timeout_race
[ 60%] Linking CXX executable test_arc_mutex_thread
[ 60%] Building CXX object CMakeFiles/txlog.dir/src/deptran/paxos/commo.cc.o
[ 60%] Building CXX object CMakeFiles/txlog.dir/src/deptran/paxos/coordinator.cc.o
[ 60%] Linking CXX executable test_and_event
gmake[3]: Leaving directory '/home/users/wshen24/mako/build'
[ 60%] Built target test_rpc_extended
gmake[3]: Entering directory '/home/users/wshen24/mako/build'
gmake[3]: Leaving directory '/home/users/wshen24/mako/build'
gmake[3]: Leaving directory '/home/users/wshen24/mako/build'
[ 60%] Built target test_reactor_extended
gmake[3]: Entering directory '/home/users/wshen24/mako/build'
gmake[3]: Leaving directory '/home/users/wshen24/mako/build'
[ 61%] Built target test_timeout_race
[ 61%] Building CXX object CMakeFiles/test_transport_integration.dir/test/test_transport_integration.cc.o
gmake[3]: Entering directory '/home/users/wshen24/mako/build'
[ 62%] Building CXX object CMakeFiles/txlog.dir/src/deptran/paxos/exec.cc.o
gmake[3]: Leaving directory '/home/users/wshen24/mako/build'
gmake[3]: Entering directory '/home/users/wshen24/mako/build'
[ 63%] Building CXX object CMakeFiles/test_rpc_connection_state.dir/test/rpc_connection_state_test.cc.o
[ 63%] Building CXX object CMakeFiles/txlog.dir/src/deptran/paxos/frame.cc.o
[ 63%] Linking CXX executable test_transport_backend
gmake[3]: Leaving directory '/home/users/wshen24/mako/build'
[ 63%] Built target test_and_event
[ 63%] Building CXX object CMakeFiles/mako.dir/src/mako/client_proxy.cc.o
[ 63%] Building CXX object CMakeFiles/txlog.dir/src/deptran/paxos/server.cc.o
[ 63%] Linking CXX executable stress_transport_backend
[ 63%] Building CXX object CMakeFiles/txlog.dir/src/deptran/paxos/service.cc.o
[ 63%] Building CXX object CMakeFiles/txlog.dir/src/deptran/paxos_worker.cc.o
[ 63%] Building CXX object CMakeFiles/txlog.dir/src/deptran/procedure.cc.o
gmake[3]: Leaving directory '/home/users/wshen24/mako/build'
[ 63%] Built target test_arc_mutex_thread
gmake[3]: Entering directory '/home/users/wshen24/mako/build'
gmake[3]: Leaving directory '/home/users/wshen24/mako/build'
gmake[3]: Entering directory '/home/users/wshen24/mako/build'
[ 64%] Building CXX object CMakeFiles/test_rpc_reconnect_policy.dir/test/rpc_reconnect_policy_test.cc.o
[ 64%] Building CXX object CMakeFiles/txlog.dir/src/deptran/raft/commo.cc.o
[ 64%] Linking CXX executable test_rpc_connection_state
[ 65%] Building CXX object CMakeFiles/txlog.dir/src/deptran/raft/coordinator.cc.o
[ 65%] Building CXX object CMakeFiles/txlog.dir/src/deptran/raft/exec.cc.o
[ 65%] Building CXX object CMakeFiles/txlog.dir/src/deptran/raft/frame.cc.o
gmake[3]: Entering directory '/home/users/wshen24/mako/build'
gmake[3]: Leaving directory '/home/users/wshen24/mako/build'
gmake[3]: Entering directory '/home/users/wshen24/mako/build'
[ 65%] Building CXX object CMakeFiles/test_rpc_circuit_breaker.dir/test/rpc_circuit_breaker_test.cc.o
gmake[3]: Leaving directory '/home/users/wshen24/mako/build'
[ 65%] Built target test_transport_backend
gmake[3]: Entering directory '/home/users/wshen24/mako/build'
gmake[3]: Leaving directory '/home/users/wshen24/mako/build'
gmake[3]: Entering directory '/home/users/wshen24/mako/build'
[ 66%] Building CXX object CMakeFiles/test_rpc_heartbeat.dir/test/rpc_heartbeat_test.cc.o
gmake[3]: Entering directory '/home/users/wshen24/mako/build'
gmake[3]: Leaving directory '/home/users/wshen24/mako/build'
gmake[3]: Entering directory '/home/users/wshen24/mako/build'
gmake[3]: Leaving directory '/home/users/wshen24/mako/build'
[ 66%] Building CXX object CMakeFiles/test_rpc_errors.dir/test/rpc_errors_test.cc.o
[ 66%] Built target stress_transport_backend
gmake[3]: Entering directory '/home/users/wshen24/mako/build'
gmake[3]: Leaving directory '/home/users/wshen24/mako/build'
gmake[3]: Entering directory '/home/users/wshen24/mako/build'
[ 67%] Building CXX object CMakeFiles/test_rpc_callbacks.dir/test/rpc_callbacks_test.cc.o
[ 67%] Building CXX object CMakeFiles/txlog.dir/src/deptran/raft/raft_worker.cc.o
gmake[3]: Entering directory '/home/users/wshen24/mako/build'
gmake[3]: Leaving directory '/home/users/wshen24/mako/build'
gmake[3]: Entering directory '/home/users/wshen24/mako/build'
[ 67%] Building CXX object CMakeFiles/test_rpc_request_queue.dir/test/rpc_request_queue_test.cc.o
[ 67%] Linking CXX executable test_rpc_reconnect_policy
gmake[3]: Entering directory '/home/users/wshen24/mako/build'
gmake[3]: Leaving directory '/home/users/wshen24/mako/build'
gmake[3]: Entering directory '/home/users/wshen24/mako/build'
[ 67%] Building CXX object CMakeFiles/test_rpc_request_buffering.dir/test/rpc_request_buffering_test.cc.o
[ 67%] Building CXX object CMakeFiles/txlog.dir/src/deptran/raft/server.cc.o
[ 67%] Building CXX object CMakeFiles/txlog.dir/src/deptran/raft/service.cc.o
gmake[3]: Leaving directory '/home/users/wshen24/mako/build'
[ 67%] Built target test_rpc_connection_state
gmake[3]: Entering directory '/home/users/wshen24/mako/build'
gmake[3]: Leaving directory '/home/users/wshen24/mako/build'
gmake[3]: Entering directory '/home/users/wshen24/mako/build'
[ 67%] Building CXX object CMakeFiles/test_rpc_timeout_retry.dir/test/rpc_timeout_retry_test.cc.o
[ 68%] Building CXX object CMakeFiles/txlog.dir/src/deptran/raft/test.cc.o
[ 68%] Linking CXX executable test_rpc_circuit_breaker
[ 70%] Linking CXX static library libmako.a
[ 70%] Linking CXX executable test_rpc_heartbeat
[ 70%] Building CXX object CMakeFiles/txlog.dir/src/deptran/raft/testconf.cc.o
[ 70%] Linking CXX executable test_transport_integration
[ 70%] Building CXX object CMakeFiles/txlog.dir/src/deptran/rcc/commo.cc.o
[ 71%] Linking CXX executable test_rpc_errors
[ 71%] Building CXX object CMakeFiles/txlog.dir/src/deptran/rcc/coord.cc.o
gmake[3]: Leaving directory '/home/users/wshen24/mako/build'
gmake[3]: Leaving directory '/home/users/wshen24/mako/build'
[ 71%] Built target test_rpc_reconnect_policy
[ 71%] Built target mako
gmake[3]: Entering directory '/home/users/wshen24/mako/build'
gmake[3]: Entering directory '/home/users/wshen24/mako/build'
gmake[3]: Leaving directory '/home/users/wshen24/mako/build'
gmake[3]: Leaving directory '/home/users/wshen24/mako/build'
gmake[3]: Entering directory '/home/users/wshen24/mako/build'
gmake[3]: Entering directory '/home/users/wshen24/mako/build'
[ 71%] Building CXX object CMakeFiles/test_rpc_state_integration.dir/test/rpc_state_integration_test.cc.o
[ 71%] Building CXX object CMakeFiles/test_rpc_reconnect_integration.dir/test/rpc_reconnect_integration_test.cc.o
gmake[3]: Leaving directory '/home/users/wshen24/mako/build'
[ 71%] Built target test_transport_integration
[ 71%] Building CXX object CMakeFiles/test_rpc_state_integration.dir/test/benchmark_service.cc.o
[ 71%] Linking CXX executable test_rpc_callbacks
gmake[3]: Leaving directory '/home/users/wshen24/mako/build'
[ 71%] Built target test_rpc_circuit_breaker
[ 71%] Building CXX object CMakeFiles/txlog.dir/src/deptran/rcc/dep_graph.cc.o
[ 71%] Linking CXX executable test_rpc_timeout_retry
gmake[3]: Leaving directory '/home/users/wshen24/mako/build'
[ 71%] Built target test_rpc_heartbeat
gmake[3]: Entering directory '/home/users/wshen24/mako/build'
gmake[3]: Leaving directory '/home/users/wshen24/mako/build'
gmake[3]: Entering directory '/home/users/wshen24/mako/build'
[ 71%] Building CXX object CMakeFiles/test_rpc_circuit_breaker_integration.dir/test/rpc_circuit_breaker_integration_test.cc.o
[ 71%] Building CXX object CMakeFiles/test_rpc_circuit_breaker_integration.dir/test/benchmark_service.cc.o
[ 71%] Linking CXX executable test_rpc_request_queue
[ 71%] Building CXX object CMakeFiles/test_rpc_reconnect_integration.dir/test/benchmark_service.cc.o
[ 71%] Building CXX object CMakeFiles/txlog.dir/src/deptran/rcc/frame.cc.o
gmake[3]: Leaving directory '/home/users/wshen24/mako/build'
[ 71%] Built target test_rpc_errors
✓ rusty-cpp: no violations found!
gmake[3]: Leaving directory '/home/users/wshen24/mako/build'
[ 71%] Built target borrow_check_deptran_borrow_executor
gmake[3]: Entering directory '/home/users/wshen24/mako/build'
gmake[3]: Leaving directory '/home/users/wshen24/mako/build'
gmake[3]: Leaving directory '/home/users/wshen24/mako/build'
gmake[3]: Entering directory '/home/users/wshen24/mako/build'
[ 71%] Built target test_rpc_callbacks
[ 71%] Building CXX object CMakeFiles/test_rpc_error_integration.dir/test/rpc_error_integration_test.cc.o
gmake[3]: Entering directory '/home/users/wshen24/mako/build'
gmake[3]: Entering directory '/home/users/wshen24/mako/build'
gmake[3]: Leaving directory '/home/users/wshen24/mako/build'
gmake[3]: Leaving directory '/home/users/wshen24/mako/build'
gmake[3]: Entering directory '/home/users/wshen24/mako/build'
[ 71%] Building CXX object CMakeFiles/test_rpc_combined_reliability.dir/test/rpc_combined_reliability_test.cc.o
gmake[3]: Entering directory '/home/users/wshen24/mako/build'
[ 71%] Building CXX object CMakeFiles/test_rpc_graceful_shutdown.dir/test/rpc_graceful_shutdown_test.cc.o
[ 71%] Linking CXX executable test_rpc_request_buffering
[ 72%] Building CXX object CMakeFiles/txlog.dir/src/deptran/rcc/graph_marshaler.cc.o
[ 72%] Building CXX object CMakeFiles/txlog.dir/src/deptran/rcc/row.cc.o
gmake[3]: Leaving directory '/home/users/wshen24/mako/build'
[ 72%] Built target test_rpc_timeout_retry
[ 72%] Building CXX object CMakeFiles/txlog.dir/src/deptran/rcc/server.cc.o
gmake[3]: Leaving directory '/home/users/wshen24/mako/build'
[ 72%] Built target test_rpc_request_queue
gmake[3]: Entering directory '/home/users/wshen24/mako/build'
gmake[3]: Leaving directory '/home/users/wshen24/mako/build'
gmake[3]: Entering directory '/home/users/wshen24/mako/build'
gmake[3]: Entering directory '/home/users/wshen24/mako/build'
[ 73%] Building CXX object CMakeFiles/test_rpc_restart_detection.dir/test/rpc_restart_detection_test.cc.o
gmake[3]: Leaving directory '/home/users/wshen24/mako/build'
gmake[3]: Entering directory '/home/users/wshen24/mako/build'
[ 73%] Building CXX object CMakeFiles/test_rpc_validation.dir/test/rpc_validation_test.cc.o
[ 73%] Building CXX object CMakeFiles/test_rpc_error_integration.dir/test/benchmark_service.cc.o
gmake[3]: Leaving directory '/home/users/wshen24/mako/build'
[ 73%] Built target test_rpc_request_buffering
gmake[3]: Entering directory '/home/users/wshen24/mako/build'
gmake[3]: Leaving directory '/home/users/wshen24/mako/build'
gmake[3]: Entering directory '/home/users/wshen24/mako/build'
[ 73%] Building CXX object CMakeFiles/test_rpc_metrics.dir/test/rpc_metrics_test.cc.o
[ 73%] Building CXX object CMakeFiles/txlog.dir/src/deptran/rcc/tx.cc.o
[ 73%] Building CXX object CMakeFiles/txlog.dir/src/deptran/rule/commo.cc.o
[ 73%] Building CXX object CMakeFiles/txlog.dir/src/deptran/rule/coordinator.cc.o
[ 73%] Building CXX object CMakeFiles/test_rpc_metrics.dir/test/benchmark_service.cc.o
gmake[3]: Entering directory '/home/users/wshen24/mako/build'
gmake[3]: Leaving directory '/home/users/wshen24/mako/build'
gmake[3]: Entering directory '/home/users/wshen24/mako/build'
[ 73%] Building CXX object CMakeFiles/test_rpc_client_pool.dir/test/rpc_client_pool_test.cc.o
[ 73%] Linking CXX executable test_rpc_state_integration
[ 73%] Linking CXX executable test_rpc_reconnect_integration
[ 73%] Building CXX object CMakeFiles/txlog.dir/src/deptran/rule/frame.cc.o
[ 74%] Building CXX object CMakeFiles/txlog.dir/src/deptran/scheduler.cc.o
[ 75%] Linking CXX executable test_rpc_circuit_breaker_integration
✓ rusty-cpp: no violations found!
gmake[3]: Leaving directory '/home/users/wshen24/mako/build'
[ 75%] Built target test_rpc_state_integration
gmake[3]: Leaving directory '/home/users/wshen24/mako/build'
[ 75%] Built target borrow_check_deptran_borrow_stats_registry
gmake[3]: Entering directory '/home/users/wshen24/mako/build'
gmake[3]: Entering directory '/home/users/wshen24/mako/build'
gmake[3]: Leaving directory '/home/users/wshen24/mako/build'
gmake[3]: Leaving directory '/home/users/wshen24/mako/build'
gmake[3]: Entering directory '/home/users/wshen24/mako/build'
gmake[3]: Entering directory '/home/users/wshen24/mako/build'
[ 75%] Building CXX object CMakeFiles/test_rpc_log_storage.dir/test/rpc_log_storage_test.cc.o
[ 75%] Building CXX object CMakeFiles/test_rpc_rocksdb_log_storage.dir/test/rpc_rocksdb_log_storage_test.cc.o
gmake[3]: Leaving directory '/home/users/wshen24/mako/build'
[ 75%] Built target test_rpc_reconnect_integration
gmake[3]: Entering directory '/home/users/wshen24/mako/build'
gmake[3]: Leaving directory '/home/users/wshen24/mako/build'
gmake[3]: Entering directory '/home/users/wshen24/mako/build'
[ 75%] Building CXX object CMakeFiles/test_txn_timeout.dir/test/deptran/txn_timeout_test.cc.o
gmake[3]: Entering directory '/home/users/wshen24/mako/build'
gmake[3]: Leaving directory '/home/users/wshen24/mako/build'
[ 75%] Building CXX object CMakeFiles/test_rpc_combined_reliability.dir/test/benchmark_service.cc.o
gmake[3]: Entering directory '/home/users/wshen24/mako/build'
[ 76%] Building CXX object CMakeFiles/test_rpc_stress_crash.dir/test/rpc_stress_crash_test.cc.o
[ 76%] Building CXX object CMakeFiles/txlog.dir/src/deptran/server_worker.cc.o
gmake[3]: Leaving directory '/home/users/wshen24/mako/build'
[ 76%] Built target test_rpc_circuit_breaker_integration
gmake[3]: Entering directory '/home/users/wshen24/mako/build'
gmake[3]: Leaving directory '/home/users/wshen24/mako/build'
gmake[3]: Entering directory '/home/users/wshen24/mako/build'
[ 76%] Linking CXX executable test_rpc_graceful_shutdown
[ 77%] Building CXX object CMakeFiles/test_rpc_partition.dir/test/rpc_partition_test.cc.o
[ 77%] Building CXX object CMakeFiles/test_rpc_partition.dir/test/benchmark_service.cc.o
✓ rusty-cpp: no violations found!
gmake[3]: Leaving directory '/home/users/wshen24/mako/build'
[ 77%] Built target borrow_check_deptran_borrow_paxos_worker
[ 78%] Building CXX object CMakeFiles/test_rpc_validation.dir/test/benchmark_service.cc.o
gmake[3]: Entering directory '/home/users/wshen24/mako/build'
gmake[3]: Leaving directory '/home/users/wshen24/mako/build'
gmake[3]: Entering directory '/home/users/wshen24/mako/build'
[ 80%] Building CXX object CMakeFiles/test_masstree.dir/test/test_masstree.cc.o
[ 80%] Linking CXX executable test_rpc_restart_detection
gmake[3]: Leaving directory '/home/users/wshen24/mako/build'
[ 80%] Built target test_rpc_graceful_shutdown
gmake[3]: Entering directory '/home/users/wshen24/mako/build'
[ 80%] Building CXX object CMakeFiles/txlog.dir/src/deptran/service.cc.o
gmake[3]: Leaving directory '/home/users/wshen24/mako/build'
gmake[3]: Entering directory '/home/users/wshen24/mako/build'
[ 80%] Building CXX object CMakeFiles/test_masstree_internals.dir/test/test_masstree_internals.cc.o
gmake[3]: Entering directory '/home/users/wshen24/mako/build'
gmake[3]: Leaving directory '/home/users/wshen24/mako/build'
gmake[3]: Entering directory '/home/users/wshen24/mako/build'
[ 80%] Building CXX object CMakeFiles/test_masstree_multi_instance.dir/test/test_masstree_multi_instance.cc.o
[ 80%] Linking CXX executable test_rpc_error_integration
gmake[3]: Entering directory '/home/users/wshen24/mako/build'
gmake[3]: Leaving directory '/home/users/wshen24/mako/build'
gmake[3]: Entering directory '/home/users/wshen24/mako/build'
[ 80%] Building CXX object CMakeFiles/test_silo_runtime.dir/test/test_silo_runtime.cc.o
gmake[3]: Leaving directory '/home/users/wshen24/mako/build'
[ 80%] Built target test_rpc_restart_detection
gmake[3]: Entering directory '/home/users/wshen24/mako/build'
gmake[3]: Leaving directory '/home/users/wshen24/mako/build'
gmake[3]: Entering directory '/home/users/wshen24/mako/build'
[ 80%] Building CXX object CMakeFiles/test_silo_multi_site_stress.dir/test/test_silo_multi_site_stress.cc.o
gmake[3]: Entering directory '/home/users/wshen24/mako/build'
gmake[3]: Leaving directory '/home/users/wshen24/mako/build'
gmake[3]: Entering directory '/home/users/wshen24/mako/build'
[ 80%] Building CXX object CMakeFiles/masstree_perf.dir/test/masstree_perf.cc.o
[ 80%] Linking CXX executable test_txn_timeout
[ 80%] Building CXX object CMakeFiles/txlog.dir/src/deptran/shard_router.cc.o
[ 80%] Building CXX object CMakeFiles/txlog.dir/src/deptran/sharding.cc.o
gmake[3]: Leaving directory '/home/users/wshen24/mako/build'
[ 80%] Built target test_rpc_error_integration
[ 80%] Building CXX object CMakeFiles/txlog.dir/src/deptran/sharding_policy_cache.cc.o
[ 81%] Building CXX object CMakeFiles/txlog.dir/src/deptran/snow/ro6.cc.o
[ 81%] Building CXX object CMakeFiles/txlog.dir/src/deptran/snow/ro6_coord.cc.o
[ 81%] Linking CXX executable test_rpc_combined_reliability
[ 81%] Building CXX object CMakeFiles/txlog.dir/src/deptran/snow/ro6_row.cc.o
[ 81%] Linking CXX executable test_rpc_metrics
[ 81%] Linking CXX executable test_rpc_validation
gmake[3]: Leaving directory '/home/users/wshen24/mako/build'
[ 81%] Built target test_rpc_combined_reliability
[ 81%] Building CXX object CMakeFiles/txlog.dir/src/deptran/stats_registry.cc.o
[ 81%] Building CXX object CMakeFiles/test_rpc_client_pool.dir/test/benchmark_service.cc.o
[ 81%] Linking CXX executable test_rpc_log_storage
[ 81%] Building CXX object CMakeFiles/txlog.dir/src/deptran/tapir/commo.cc.o
gmake[3]: Leaving directory '/home/users/wshen24/mako/build'
[ 81%] Built target test_rpc_metrics
[ 81%] Linking CXX executable test_masstree_internals
[ 81%] Building CXX object CMakeFiles/txlog.dir/src/deptran/tapir/coordinator.cc.o
[ 81%] Linking CXX executable test_masstree
gmake[3]: Leaving directory '/home/users/wshen24/mako/build'
[ 81%] Built target test_txn_timeout
gmake[3]: Leaving directory '/home/users/wshen24/mako/build'
[ 82%] Building CXX object CMakeFiles/txlog.dir/src/deptran/tapir/frame.cc.o
[ 82%] Built target test_rpc_validation
[ 82%] Building CXX object CMakeFiles/txlog.dir/src/deptran/tapir/scheduler.cc.o
gmake[3]: Leaving directory '/home/users/wshen24/mako/build'
[ 82%] Built target test_masstree
[ 82%] Building CXX object CMakeFiles/txlog.dir/src/deptran/tapir/tx.cc.o
[ 82%] Linking CXX executable test_rpc_rocksdb_log_storage
[ 82%] Linking CXX executable test_masstree_multi_instance
[ 82%] Linking CXX executable masstree_perf
[ 82%] Building CXX object CMakeFiles/txlog.dir/src/deptran/tpcc_sharding.cc.o
gmake[3]: Leaving directory '/home/users/wshen24/mako/build'
[ 82%] Built target test_masstree_multi_instance
[ 82%] Building CXX object CMakeFiles/txlog.dir/src/deptran/troad/commo.cc.o
gmake[3]: Leaving directory '/home/users/wshen24/mako/build'
[ 82%] Built target masstree_perf
[ 82%] Building CXX object CMakeFiles/txlog.dir/src/deptran/troad/coordinator.cc.o
[ 82%] Building CXX object CMakeFiles/txlog.dir/src/deptran/troad/scheduler.cc.o
gmake[3]: Leaving directory '/home/users/wshen24/mako/build'
[ 82%] Built target test_rpc_rocksdb_log_storage
[ 83%] Building CXX object CMakeFiles/txlog.dir/src/deptran/troad/troad.cc.o
[ 83%] Building CXX object CMakeFiles/test_rpc_stress_crash.dir/test/benchmark_service.cc.o
[ 83%] Linking CXX executable test_silo_runtime
gmake[3]: Leaving directory '/home/users/wshen24/mako/build'
[ 83%] Built target test_silo_runtime
[ 83%] Building CXX object CMakeFiles/txlog.dir/src/deptran/troad/tx.cc.o
gmake[3]: Leaving directory '/home/users/wshen24/mako/build'
[ 83%] Built target test_rpc_log_storage
[ 83%] Building CXX object CMakeFiles/txlog.dir/src/deptran/tx.cc.o
gmake[3]: Leaving directory '/home/users/wshen24/mako/build'
[ 83%] Built target test_masstree_internals
[ 83%] Building CXX object CMakeFiles/txlog.dir/src/deptran/txn_reg.cc.o
[ 83%] Building CXX object CMakeFiles/txlog.dir/src/deptran/workload.cc.o
[ 83%] Building CXX object CMakeFiles/txlog.dir/src/rrr/base/basetypes.cpp.o
[ 83%] Linking CXX executable test_rpc_partition
[ 84%] Building CXX object CMakeFiles/txlog.dir/src/rrr/base/debugging.cpp.o
[ 84%] Linking CXX executable test_rpc_client_pool
[ 84%] Building CXX object CMakeFiles/txlog.dir/src/rrr/base/logging.cpp.o
[ 84%] Building CXX object CMakeFiles/txlog.dir/src/rrr/base/misc.cpp.o
gmake[3]: Leaving directory '/home/users/wshen24/mako/build'
[ 84%] Built target test_rpc_partition
[ 84%] Building CXX object CMakeFiles/txlog.dir/src/rrr/base/strop.cpp.o
gmake[3]: Leaving directory '/home/users/wshen24/mako/build'
[ 84%] Built target test_rpc_client_pool
[ 84%] Building CXX object CMakeFiles/txlog.dir/src/rrr/base/threading.cpp.o
[ 84%] Building CXX object CMakeFiles/txlog.dir/src/rrr/base/unittest.cpp.o
[ 85%] Linking CXX executable test_silo_multi_site_stress
[ 86%] Building CXX object CMakeFiles/txlog.dir/src/rrr/misc/alock.cpp.o
gmake[3]: Leaving directory '/home/users/wshen24/mako/build'
[ 86%] Built target test_silo_multi_site_stress
[ 86%] Building CXX object CMakeFiles/txlog.dir/src/rrr/misc/marshal.cpp.o
[ 86%] Building CXX object CMakeFiles/txlog.dir/src/rrr/misc/rand.cpp.o
[ 86%] Building CXX object CMakeFiles/txlog.dir/src/rrr/pylib/simplerpc/_pyrpc.cpp.o
[ 86%] Building CXX object CMakeFiles/txlog.dir/src/rrr/misc/recorder.cpp.o
[ 86%] Linking CXX executable test_rpc_stress_crash
[ 86%] Building CXX object CMakeFiles/txlog.dir/src/rrr/reactor/epoll_wrapper.cc.o
[ 86%] Building CXX object CMakeFiles/txlog.dir/src/rrr/reactor/event.cc.o
[ 87%] Building CXX object CMakeFiles/txlog.dir/src/rrr/reactor/fiber_impl.cc.o
[ 87%] Building CXX object CMakeFiles/txlog.dir/src/rrr/reactor/quorum_event.cc.o
[ 87%] Building CXX object CMakeFiles/txlog.dir/src/rrr/reactor/reactor.cc.o
[ 87%] Building CXX object CMakeFiles/txlog.dir/src/rrr/rpc/client.cpp.o
[ 87%] Building CXX object CMakeFiles/txlog.dir/src/rrr/rpc/server.cpp.o
[ 87%] Building CXX object CMakeFiles/txlog.dir/src/rrr/rpc/utils.cpp.o
gmake[3]: Leaving directory '/home/users/wshen24/mako/build'
[ 87%] Built target test_rpc_stress_crash
[ 88%] Building CXX object CMakeFiles/txlog.dir/src/memdb/MurmurHash3.cc.o
[ 88%] Building CXX object CMakeFiles/txlog.dir/src/memdb/row.cc.o
[ 88%] Building CXX object CMakeFiles/txlog.dir/src/memdb/schema.cc.o
[ 88%] Building CXX object CMakeFiles/txlog.dir/src/memdb/table.cc.o
[ 88%] Building CXX object CMakeFiles/txlog.dir/src/memdb/txn.cc.o
[ 88%] Building CXX object CMakeFiles/txlog.dir/src/memdb/txn_2pl.cc.o
[ 90%] Building CXX object CMakeFiles/txlog.dir/src/memdb/txn_nested.cc.o
[ 90%] Building CXX object CMakeFiles/txlog.dir/src/memdb/txn_occ.cc.o
[ 90%] Building CXX object CMakeFiles/txlog.dir/src/memdb/txn_unsafe.cc.o
[ 90%] Building CXX object CMakeFiles/txlog.dir/src/memdb/utils.cc.o
[ 90%] Building CXX object CMakeFiles/txlog.dir/src/memdb/value.cc.o
[ 90%] Building CXX object CMakeFiles/txlog.dir/src/memdb/xxhash.cc.o
[ 91%] Linking CXX shared library libtxlog.so
gmake[3]: Leaving directory '/home/users/wshen24/mako/build'
[ 91%] Built target txlog
gmake[3]: Entering directory '/home/users/wshen24/mako/build'
gmake[3]: Entering directory '/home/users/wshen24/mako/build'
gmake[3]: Leaving directory '/home/users/wshen24/mako/build'
gmake[3]: Entering directory '/home/users/wshen24/mako/build'
gmake[3]: Entering directory '/home/users/wshen24/mako/build'
gmake[3]: Leaving directory '/home/users/wshen24/mako/build'
gmake[3]: Entering directory '/home/users/wshen24/mako/build'
[ 91%] Building CXX object CMakeFiles/test_config_failure.dir/test/config_failure_test.cc.o
[ 91%] Building CXX object CMakeFiles/paxos_async_commit_test.dir/src/mako/benchmarks/paxos_async_commit_test.cc.o
gmake[3]: Entering directory '/home/users/wshen24/mako/build'
gmake[3]: Entering directory '/home/users/wshen24/mako/build'
gmake[3]: Leaving directory '/home/users/wshen24/mako/build'
gmake[3]: Entering directory '/home/users/wshen24/mako/build'
gmake[3]: Entering directory '/home/users/wshen24/mako/build'
gmake[3]: Entering directory '/home/users/wshen24/mako/build'
gmake[3]: Entering directory '/home/users/wshen24/mako/build'
gmake[3]: Entering directory '/home/users/wshen24/mako/build'
gmake[3]: Entering directory '/home/users/wshen24/mako/build'
gmake[3]: Entering directory '/home/users/wshen24/mako/build'
gmake[3]: Entering directory '/home/users/wshen24/mako/build'
gmake[3]: Entering directory '/home/users/wshen24/mako/build'
gmake[3]: Entering directory '/home/users/wshen24/mako/build'
gmake[3]: Entering directory '/home/users/wshen24/mako/build'
gmake[3]: Entering directory '/home/users/wshen24/mako/build'
gmake[3]: Leaving directory '/home/users/wshen24/mako/build'
gmake[3]: Leaving directory '/home/users/wshen24/mako/build'
[ 91%] Building CXX object CMakeFiles/makoCon.dir/examples/makoCon.cc.o
gmake[3]: Entering directory '/home/users/wshen24/mako/build'
gmake[3]: Leaving directory '/home/users/wshen24/mako/build'
gmake[3]: Entering directory '/home/users/wshen24/mako/build'
gmake[3]: Leaving directory '/home/users/wshen24/mako/build'
gmake[3]: Entering directory '/home/users/wshen24/mako/build'
gmake[3]: Leaving directory '/home/users/wshen24/mako/build'
gmake[3]: Entering directory '/home/users/wshen24/mako/build'
gmake[3]: Leaving directory '/home/users/wshen24/mako/build'
gmake[3]: Entering directory '/home/users/wshen24/mako/build'
gmake[3]: Entering directory '/home/users/wshen24/mako/build'
gmake[3]: Entering directory '/home/users/wshen24/mako/build'
gmake[3]: Entering directory '/home/users/wshen24/mako/build'
gmake[3]: Entering directory '/home/users/wshen24/mako/build'
gmake[3]: Leaving directory '/home/users/wshen24/mako/build'
gmake[3]: Entering directory '/home/users/wshen24/mako/build'
gmake[3]: Leaving directory '/home/users/wshen24/mako/build'
gmake[3]: Entering directory '/home/users/wshen24/mako/build'
gmake[3]: Entering directory '/home/users/wshen24/mako/build'
gmake[3]: Entering directory '/home/users/wshen24/mako/build'
gmake[3]: Entering directory '/home/users/wshen24/mako/build'
gmake[3]: Entering directory '/home/users/wshen24/mako/build'
gmake[3]: Entering directory '/home/users/wshen24/mako/build'
gmake[3]: Leaving directory '/home/users/wshen24/mako/build'
gmake[3]: Entering directory '/home/users/wshen24/mako/build'
gmake[3]: Leaving directory '/home/users/wshen24/mako/build'
gmake[3]: Entering directory '/home/users/wshen24/mako/build'
[ 91%] Building CXX object CMakeFiles/makoConDBBench.dir/examples/makoConDBBench.cc.o
gmake[3]: Entering directory '/home/users/wshen24/mako/build'
[ 91%] Building CXX object CMakeFiles/erpc_server.dir/src/mako/benchmarks/ut/erpc_server.cc.o
gmake[3]: Entering directory '/home/users/wshen24/mako/build'
gmake[3]: Entering directory '/home/users/wshen24/mako/build'
gmake[3]: Entering directory '/home/users/wshen24/mako/build'
gmake[3]: Entering directory '/home/users/wshen24/mako/build'
gmake[3]: Entering directory '/home/users/wshen24/mako/build'
gmake[3]: Leaving directory '/home/users/wshen24/mako/build'
[ 92%] Building CXX object CMakeFiles/test_sharding_policy_cache.dir/test/sharding_policy_cache_test.cc.o
[ 92%] Building CXX object CMakeFiles/test_tpcc_sharding.dir/test/tpcc_sharding_test.cc.o
[ 92%] Building CXX object CMakeFiles/test_config_store.dir/test/config_store_test.cc.o
gmake[3]: Leaving directory '/home/users/wshen24/mako/build'
[ 92%] Building CXX object CMakeFiles/simpleTransaction.dir/examples/simpleTransaction.cc.o
gmake[3]: Leaving directory '/home/users/wshen24/mako/build'
gmake[3]: Leaving directory '/home/users/wshen24/mako/build'
gmake[3]: Leaving directory '/home/users/wshen24/mako/build'
gmake[3]: Entering directory '/home/users/wshen24/mako/build'
gmake[3]: Leaving directory '/home/users/wshen24/mako/build'
gmake[3]: Leaving directory '/home/users/wshen24/mako/build'
[ 94%] Building CXX object CMakeFiles/test_config_client.dir/test/config_client_test.cc.o
gmake[3]: Leaving directory '/home/users/wshen24/mako/build'
[ 94%] Building CXX object CMakeFiles/test_config_service.dir/test/config_service_test.cc.o
gmake[3]: Leaving directory '/home/users/wshen24/mako/build'
gmake[3]: Leaving directory '/home/users/wshen24/mako/build'
[ 94%] Building CXX object CMakeFiles/test_shard_router.dir/test/shard_router_test.cc.o
gmake[3]: Entering directory '/home/users/wshen24/mako/build'
gmake[3]: Leaving directory '/home/users/wshen24/mako/build'
gmake[3]: Entering directory '/home/users/wshen24/mako/build'
[ 94%] Building CXX object CMakeFiles/test_sharding_startup.dir/test/sharding_startup_test.cc.o
gmake[3]: Entering directory '/home/users/wshen24/mako/build'
gmake[3]: Entering directory '/home/users/wshen24/mako/build'
gmake[3]: Entering directory '/home/users/wshen24/mako/build'
gmake[3]: Leaving directory '/home/users/wshen24/mako/build'
gmake[3]: Entering directory '/home/users/wshen24/mako/build'
gmake[3]: Entering directory '/home/users/wshen24/mako/build'
gmake[3]: Entering directory '/home/users/wshen24/mako/build'
gmake[3]: Entering directory '/home/users/wshen24/mako/build'
gmake[3]: Leaving directory '/home/users/wshen24/mako/build'
gmake[3]: Leaving directory '/home/users/wshen24/mako/build'
gmake[3]: Entering directory '/home/users/wshen24/mako/build'
gmake[3]: Leaving directory '/home/users/wshen24/mako/build'
gmake[3]: Entering directory '/home/users/wshen24/mako/build'
gmake[3]: Entering directory '/home/users/wshen24/mako/build'
gmake[3]: Entering directory '/home/users/wshen24/mako/build'
gmake[3]: Entering directory '/home/users/wshen24/mako/build'
gmake[3]: Leaving directory '/home/users/wshen24/mako/build'
gmake[3]: Leaving directory '/home/users/wshen24/mako/build'
[ 95%] Building CXX object CMakeFiles/test_silo_rcu_thread.dir/test/test_silo_rcu_thread.cc.o
[ 95%] Building CXX object CMakeFiles/erpc_client.dir/src/mako/benchmarks/ut/erpc_client.cc.o
[ 95%] Building CXX object CMakeFiles/test_sto_transaction.dir/test/test_sto_transaction.cc.o
[ 95%] Building CXX object CMakeFiles/rocksdb_replay_app.dir/src/mako/benchmarks/rocksdb_replay_app.cc.o
[ 95%] Building CXX object CMakeFiles/test_ordered_callbacks.dir/examples/test_ordered_callbacks.cc.o
gmake[3]: Entering directory '/home/users/wshen24/mako/build'
[ 95%] Building CXX object CMakeFiles/test_silo_allocator_tuple.dir/test/test_silo_allocator_tuple.cc.o
[ 95%] Building CXX object CMakeFiles/basic.dir/src/mako/benchmarks/ut/basic.cc.o
[ 95%] Building CXX object CMakeFiles/test_silo_varint.dir/test/test_silo_varint.cc.o
gmake[3]: Entering directory '/home/users/wshen24/mako/build'
[ 95%] Building CXX object CMakeFiles/makoConMultiTrd.dir/examples/makoConMultiTrd.cc.o
[ 95%] Building CXX object CMakeFiles/test_stress_partitioned_queues.dir/examples/test_stress_partitioned_queues.cc.o
[ 95%] Building CXX object CMakeFiles/test_rocksdb_persistence.dir/examples/test_rocksdb_persistence.cc.o
[ 95%] Building CXX object CMakeFiles/test_sto_transaction_real.dir/test/test_sto_transaction_real.cc.o
[ 95%] Building CXX object CMakeFiles/continuousTransactions.dir/examples/continuousTransactions.cc.o
[ 95%] Building CXX object CMakeFiles/test_partitioned_queues.dir/examples/test_partitioned_queues.cc.o
[ 95%] Building CXX object CMakeFiles/test_callback_demo.dir/examples/test_callback_demo.cc.o
[ 95%] Building CXX object CMakeFiles/simpleTransactionRep.dir/examples/simpleTransactionRep.cc.o
[ 95%] Building CXX object CMakeFiles/simplePaxos.dir/examples/simplePaxos.cc.o
[ 95%] Linking CXX executable test_callback_demo
[ 95%] Linking CXX executable test_rocksdb_persistence
[ 95%] Linking CXX executable test_sto_transaction
gmake[3]: Leaving directory '/home/users/wshen24/mako/build'
[ 95%] Built target test_sto_transaction
[ 95%] Linking CXX executable test_partitioned_queues
[ 95%] Linking CXX executable test_ordered_callbacks
[ 96%] Linking CXX executable test_stress_partitioned_queues
[ 97%] Linking CXX executable test_silo_varint
gmake[3]: Leaving directory '/home/users/wshen24/mako/build'
[ 97%] Built target test_silo_varint
gmake[3]: Leaving directory '/home/users/wshen24/mako/build'
[ 97%] Built target test_callback_demo
[ 97%] Linking CXX executable test_silo_rcu_thread
gmake[3]: Leaving directory '/home/users/wshen24/mako/build'
[ 97%] Built target test_rocksdb_persistence
gmake[3]: Leaving directory '/home/users/wshen24/mako/build'
[ 97%] Built target test_silo_rcu_thread
gmake[3]: Leaving directory '/home/users/wshen24/mako/build'
[ 97%] Built target test_partitioned_queues
[ 97%] Linking CXX executable erpc_client
[ 97%] Linking CXX executable test_silo_allocator_tuple
[ 97%] Linking CXX executable erpc_server
gmake[3]: Leaving directory '/home/users/wshen24/mako/build'
[ 97%] Built target erpc_client
gmake[3]: Leaving directory '/home/users/wshen24/mako/build'
[ 97%] Built target test_ordered_callbacks
gmake[3]: Leaving directory '/home/users/wshen24/mako/build'
[ 97%] Built target test_silo_allocator_tuple
gmake[3]: Leaving directory '/home/users/wshen24/mako/build'
[ 97%] Built target erpc_server
[ 97%] Linking CXX executable paxos_async_commit_test
gmake[3]: Leaving directory '/home/users/wshen24/mako/build'
[ 97%] Built target test_stress_partitioned_queues
gmake[3]: Leaving directory '/home/users/wshen24/mako/build'
[ 97%] Built target paxos_async_commit_test
[ 97%] Linking CXX executable test_sto_transaction_real
gmake[3]: Leaving directory '/home/users/wshen24/mako/build'
[ 97%] Built target test_sto_transaction_real
✓ rusty-cpp: no violations found!
gmake[3]: Leaving directory '/home/users/wshen24/mako/build'
[ 97%] Built target borrow_check_deptran_borrow_communicator
[ 97%] Linking CXX executable basic
[ 97%] Linking CXX executable test_config_store
gmake[3]: Leaving directory '/home/users/wshen24/mako/build'
[ 97%] Built target basic
gmake[3]: Leaving directory '/home/users/wshen24/mako/build'
[ 97%] Built target test_config_store
[ 97%] Linking CXX executable simpleTransaction
[ 97%] Linking CXX executable test_tpcc_sharding
[ 97%] Linking CXX executable simplePaxos
[ 98%] Linking CXX executable makoConMultiTrd
gmake[3]: Leaving directory '/home/users/wshen24/mako/build'
[ 98%] Built target simpleTransaction
gmake[3]: Leaving directory '/home/users/wshen24/mako/build'
[ 98%] Built target test_tpcc_sharding
gmake[3]: Leaving directory '/home/users/wshen24/mako/build'
[ 98%] Built target simplePaxos
gmake[3]: Leaving directory '/home/users/wshen24/mako/build'
[ 98%] Built target makoConMultiTrd
[ 98%] Linking CXX executable continuousTransactions
[ 98%] Linking CXX executable test_config_client
[ 98%] Linking CXX executable test_config_service
[ 98%] Linking CXX executable rocksdb_replay_app
[ 98%] Linking CXX executable test_shard_router
gmake[3]: Leaving directory '/home/users/wshen24/mako/build'
[ 98%] Built target test_config_client
[ 98%] Linking CXX executable makoConDBBench
[ 98%] Linking CXX executable test_sharding_policy_cache
gmake[3]: Leaving directory '/home/users/wshen24/mako/build'
[ 98%] Built target test_config_service
[ 98%] Linking CXX executable makoCon
gmake[3]: Leaving directory '/home/users/wshen24/mako/build'
gmake[3]: Leaving directory '/home/users/wshen24/mako/build'
[ 98%] Built target test_shard_router
[ 98%] Built target test_sharding_policy_cache
gmake[3]: Leaving directory '/home/users/wshen24/mako/build'
[ 98%] Built target continuousTransactions
gmake[3]: Leaving directory '/home/users/wshen24/mako/build'
[ 98%] Built target makoConDBBench
gmake[3]: Leaving directory '/home/users/wshen24/mako/build'
[ 98%] Built target rocksdb_replay_app
[ 98%] Linking CXX executable test_sharding_startup
gmake[3]: Leaving directory '/home/users/wshen24/mako/build'
[ 98%] Built target makoCon
gmake[3]: Leaving directory '/home/users/wshen24/mako/build'
[ 98%] Built target test_sharding_startup
[ 98%] Linking CXX executable test_config_failure
gmake[3]: Leaving directory '/home/users/wshen24/mako/build'
[ 98%] Built target test_config_failure
[100%] Linking CXX executable simpleTransactionRep
gmake[3]: Leaving directory '/home/users/wshen24/mako/build'
[100%] Built target simpleTransactionRep
✓ rusty-cpp: no violations found!
gmake[3]: Leaving directory '/home/users/wshen24/mako/build'
[100%] Built target borrow_check_deptran_borrow_workload
gmake[3]: Entering directory '/home/users/wshen24/mako/build'
gmake[3]: Leaving directory '/home/users/wshen24/mako/build'
[100%] Built target borrow_check_all_deptran_borrow
gmake[3]: Entering directory '/home/users/wshen24/mako/build'
gmake[3]: Leaving directory '/home/users/wshen24/mako/build'
gmake[3]: Entering directory '/home/users/wshen24/mako/build'
[100%] Running borrow checker on Deptran worker sources
gmake[3]: Leaving directory '/home/users/wshen24/mako/build'
[100%] Built target borrow_check_deptran
gmake[3]: Entering directory '/home/users/wshen24/mako/build'
gmake[3]: Leaving directory '/home/users/wshen24/mako/build'
gmake[3]: Entering directory '/home/users/wshen24/mako/build'
[100%] Building CXX object CMakeFiles/dbtest.dir/src/mako/benchmarks/dbtest.cc.o
[100%] Linking CXX executable dbtest
gmake[3]: Leaving directory '/home/users/wshen24/mako/build'
[100%] Built target dbtest
gmake[2]: Leaving directory '/home/users/wshen24/mako/build'
gmake[1]: Leaving directory '/home/users/wshen24/mako/build'
